fecha_reporte,nombre,provincia,fecha_inicio,estado,latitud,longitud,departamento,observaciones
3/01/2022,Pasando EDIRO,San Luis,1/01/2022,Extinguido (01/01/2022),33º 17´ 40´´ S,66º 17´ 24´´ O,Juan Martín de Pueyrredón,"Latitud: 33º 17´ 40´´ - Longitud: 66º 17´ 24´´ - Depto.: Pueyrredon - Superficie 1,5 ha - Bosque Nativo 33 % - Arbustal/Matorral 33 % - Pastizal 34 %"
3/01/2022,La Florida,San Luis,28/12/2021,Activo,"33º 7´ 20,8´´ S","66º 0´ 41,2´´ O",Coronel Pringles,"Latitud: 33º 7´ 20,8´´ - Longitud: 66º 0´ 41,2´´ - Depto.: El Trapiche - Bosque Nativo 33 % - Arbustal/Matorral 33 % - Pastizal 34 % - BB. PL San Luis, BB.VV. La Punta, Ea. Grande, El Volcán, Trapiche, La Carolina, D.C. Trapiche, Bri For San Luís Solidario"
4/01/2022,La Florida,San Luis,28/12/2021,Extinguido (04/01/2022),"33º 7´ 20,8´´ S","66º 0´ 41,2´´ O",Coronel Pringles,"- Latitud: 33º 7´ 20,8´´ - Longitud: 66º 0´ 41,2´´ - Depto.: El Trapiche - Superficie 300,0 ha - Bosque Nativo 33 % - Arbustal/Matorral 33 % - Pastizal 34 % - BB.VV.Trapiche y D.C. MCP Trapiche."
6/01/2022,Las Chilcas,San Luis,5/01/2022,Contenido,32º 25´ 32´´ S,"65º 18´ 33,2´´ O",Chacabuco,"Latitud: 32º 25´ 32´´ - Longitud: 65º 18´ 33,2´´ - Depto.: Chacabuco - Bosque Nativo 33 % - Arbustal/Matorral 33 % - Pastizal 34 % - BB.VV. Los Molles, Merlo y BB. PL San Luís (Santa Rosa de Conlara)"
7/01/2022,Las Chilcas,San Luis,5/01/2022,Contenido,32º 25´ 32´´ S,"65º 18´ 33,2´´ O",Chacabuco,"Latitud: 32º 25´ 32´´ - Longitud: 65º 18´ 33,2´´ - Depto.: Chacabuco - Bosque Nativo 33 % - Arbustal/Matorral 33 % - Pastizal 34 % - BB.VV. Los Molles, Merlo y BB. PL San Luís (Santa Rosa de Conlara)"
10/01/2022,Las Chilcas,San Luis,5/01/2022,Extinguido (07/01/2022),32º 25´ 32´´ S,"65º 18´ 33,2´´ O",Chacabuco,"- Latitud: 32º 25´ 32´´ - Longitud: 65º 18´ 3 3,2´´ - Depto.: Ch acabuco - Bosqu e Nativo 33 % - Arb ustal/M atorral 33 % - Past izal 34 %"
11/01/2022,Toro Negro,San Luis,10/01/2022,Controlado,"32º 42´ 32,58´´ S","66º 20´ 38,8´´ O",Belgrano,"- Latitud: 32º 42´ 32, 58´ ´ - Longitu d: 66º 20´ 38 ,8´´ - D epto.: Belgr ano - B B.VV Villa Gral Roc a, Trapi ch e y Bri For Sa n Luís Sol idario"
12/01/2022,Toro Negro,San Luis,10/01/2022,Activo,"32º 42´ 32,58´´ S","66º 20´ 38,8´´ O",Belgrano,"- Latitud: 32º 42´ 32,58´´ - Long itud : 66º 20´ 38,8´´ - Dept o.: Bel grano - Bos que Nativo 50 % - Arbustal/Matorral 50 % - B B.VV. Villa Gral R oca, L a Punta, V illa de la Quebrada, El Volán, San Fra ncis co, Br i For San Luís S olidario y BB. PL San Luís (Cuartel N°2)"
12/01/2022,Los Cajones,San Luis,11/01/2022,Contenido,"32º 3´ 32,8´´ S","65º 25´ 27,9´´ O",Junín,"- Latitud: 32º 3´ 32,8´´ - Longitu d: 6 5º 25 ´ 27,9´´ - Depto.: Junín - Superficie 10,0 ha - Bosque N ativo 50 % - Arbu stal /Mato rral 50 % - BB.V V. Lafin ur, Quines , Los Molles, Santa Rosa de Conlara, Via lidad Provincial, y BB. PL Sa n Luís (Cu artel N°3)."
12/01/2022,El Tambo,San Luis,11/01/2022,Contenido,32º 44´ 0´´ S,"65º 27´ 47,6´´ O",Chacabuco,"- Latitud: 32º 44´ 0´´ - Longitud: 65 º 27´ 4 7,6´´ - Depto.: C hacab uco - Supe rficie 0,5 ha - BB.V V. Concarán, Ren ca, Nasch el y Los Molles."
13/01/2022,Pampa del,San Luis,11/01/2022,Extinguido (12/01/2022),33º 2´ 7´´ S,65º 35´ 7´´ O,Coronel Pringles,() - Latitud: 33º 2´ 7´´ - Longitud: 65º 35´ 7´´ - Depto.: Pringles - Bosque Nativo 50 Tamboreo % - Arbustal/Matorral 50 % – Observaciones:Zona de dificil acceso
13/01/2022,Toro Negro,San Luis,10/01/2022,Activo,"32º 42´ 32,58´´ S","66º 20´ 38,8´´ O",Belgrano,"Latitud: 32º 42´ 32,58´´ - Longitud: 66º 20´ 38,8´´ - Depto.: Belgrano - Bosque Nativo 50 % - Arbustal/Matorral 50 % - BB.VV. Villa Gral Roca, La Punta, Villa de la Quebrada, El Volán, San Francisco, Bri For San Luís Solidario y BB. PL San Luís (Cuartel N°2)"
13/01/2022,El Tambo,San Luis,11/01/2022,Extinguido (12/01/2022),32º 44´ 0´´ S,"65º 27´ 47,6´´ O",Chacabuco,"Latitud: 32º 44´ 0´´ - Longitud: 65º 27´ 47,6´´ - Depto.: Chacabuco - Superficie (12/01/2022) 0,5 ha"
13/01/2022,Ea. El Ciervo,San Luis,13/01/2022,Activo,"34º 46´ 7,6´´ S","65º 15´ 48,2´´ O",Gobernador Dupuy,Bosque Nativo 33 % - Arbustal/Matorral 33 % - Pastizal 34 % - BB.VV. Buena Esperanza
13/01/2022,Los Peros,San Luis,12/01/2022,Contenido,"32º 21´ 21,7´´ S","65º 13´ 28,7´´ O",Junín,"- Latitud: 32º 21´ 21,7´´ - Longitud : 65 º 13 ´ 28,7´ ´ - Depto. : Junín - Bo sque Nativo 50 % - Arbustal/Matorral 50 % - BB .VV. S anta Ros a de Conlara , Merlo y BB. PL San L uís (Cuartel N°3)"
13/01/2022,Pje. Puertas Coloradas,San Luis,12/01/2022,Activo,32º 32´ 4´´ S,"65º 23´ 58,1´´ O",Chacabuco,"- Latitud: 32º 32´ 4´´ - Longitud: 65 º 2 3´ 58 ,1´´ - Depto.: C hacabuco - BB.VV. Concarán, Re nca y El Morro."
13/01/2022,Los Cajones,San Luis,11/01/2022,Contenido,"32º 3´ 32,8´´ S","65º 25´ 27,9´´ O",Junín,"- Latitud: 32º 3´ 32,8´´ - Longitud: 65º 25´ 27,9´´ - Depto.: Junín - Sup erficie 10,0 ha - Bosque N ativo 50 % - Arbusta l/Ma torr al 50 % - BB.VV . Lafinur, Q uines, Los Molles, Santa Rosa de Conlara, Vi alid ad P rovinc ial, y BB. PL San Luís (Cuartel N°3)."
14/01/2022,Cia. Gral. de Hacienda,San Luis,13/01/2022,Activo,35º 4´ 7´´ S,"65º 15´ 39,6´´ O",Gobernador Dupuy,"Ptos. de Referencia: Ruta N° 55 al N de Buena Esperanza - Depto.: Dupuy - BB.VV. Buena Esperanza, Batavia y Unión."
14/01/2022,Ea. El Ciervo,San Luis,13/01/2022,Contenido,"34º 46´ 7,6´´ S","65º 15´ 48,2´´ O",Gobernador Dupuy,"- Latitud: 34º 46´ 7,6´´ - Lo ngitud: 65º 1 5´ 48 ,2´ ´ - Bosq ue Nativo 33 % - Arbustal/Matorral 33 % - Pa stizal 3 4 % - BB. VV. Buena Esperanza"
14/01/2022,Las Lagunas,San Luis,13/01/2022,Activo,"32º 37´ 28,6´´ S","65º 32´ 53,9´´ O",Libertador General San Martín,"- Latitud: 32º 37´ 28,6´´ - L ongitud: 65º 32´ 5 3,9 ´´ - Dep to.: San Mart in - Bos Nativo 50 % - Arb ustal/M at orral 50 % - BB.V V. T ilisarao ."
14/01/2022,Los Peros,San Luis,12/01/2022,Contenido,"32º 21´ 21,7´´ S","65º 13´ 28,7´´ O",Junín,"- Latitud: 32º 21´ 21,7´´ - L ongitud: 65º 13´ 2 8,7 ´´ - Dep to.: Junín - B osque Nativo 50 % - Arb ustal/M at orral 50 % - BB.V V. Santa R osa de Conla ra."
14/01/2022,Los Cajones,San Luis,11/01/2022,Activo,"32º 3´ 32,8´´ S","65º 25´ 27,9´´ O",Junín,"- Latitud: 32º 3´ 3 2,8´´ - Lo ngitud: 65º 2 5´ 27 ,9´ ´ - Depto .: Junín - Su perficie ha - Bosque Nativ o 50 % - Arbustal /Mat orral 50 % - BB. VV. Lafinur, Quines, Santa Rosa de C onlara y L os Molle s, B B. PL Sa n Luis ( Cuartel N°3) SNMF: Coordinador regio nal + ase sora Té cnica y 1 AT 802 (LV -JGK)"
14/01/2022,Pampa del Tamboreo,San Luis,11/01/2022,Activo,33º 2´ 7´´ S,65º 35´ 7´´ O,Coronel Pringles,- Latitud: 33º 2´ 7 ´´ - Lo ngi tud: 65º 35´ 7´´ - Dep to.: Prin gles - Bosqu e Nativo % - Arbustal/Mato rral 50 % – Obse rvaci ones :Zo na de di ficil acceso
14/01/2022,Pje. Puertas Coloradas,San Luis,12/01/2022,Activo,32º 32´ 4´´ S,"65º 23´ 58,1´´ O",Chacabuco,"- Latitud: 32º 32´ 4´´ - Longitud: 65º 23´ 58,1´´ - Depto.: Chacabuco - BB.VV. Concarán, Renca, Carpintería y Tilisarao."
14/01/2022,Toro Negro,San Luis,10/01/2022,Extinguido (14/01/2022),"32º 42´ 32,58´´ S","66º 20´ 38,8´´ O",Belgrano,"- Latitud: 32º 42´ 32,58´´ - Longitu d: 66º 20´ 3 8,8´´ - Dept o.: Belgrano - Bosque Nativo 50 % - Arbustal/Matorral 50 %"
17/01/2022,Ea. El Ciervo,San Luis,13/01/2022,Contenido,"34º 46´ 7,6´´ S","65º 15´ 48,2´´ O",Gobernador Dupuy,"Latitud: 34º 46´ 7,6´´ - Longitud: 65º 15´ 48,2´´ - Bosque Nativo 33 % - Arbustal/Matorral 33 % - Pastizal 34 % - BB.VV. Buena Esperanza"
17/01/2022,Pampa del,San Luis,11/01/2022,Activo,33º 2´ 7´´ S,65º 35´ 7´´ O,Coronel Pringles,Latitud: 33º 2´ 7´´ - Longitud: 65º 35´ 7´´ - Depto.: Pringles - Bosque Nativo 50 TAMBOREO % - Arbustal/Matorral 50 % – Observaciones:Zona de dificil acceso
17/01/2022,Cia. Gral. de,San Luis,13/01/2022,Controlado,35º 4´ 7´´ S,"65º 15´ 39,6´´ O",Gobernador Dupuy,"Latitud: 35º 4´ 7´´ - Longitud: 65º 15´ 39,6´´ - Ptos. de Referencia: Ruta N° 55 HACIENDA al N de Buena Esperanza, Estancia El Durazno - Depto.: Dupuy - Superficie 25.000,0 ha - Arbustal/Matorral 50 % - Pastizal 50 % - BB.VV. Buena Esperanza, Batavia, Unión, Trapiche, Capital y Bri For San Luís Solidario"
17/01/2022,Los Cajones,San Luis,11/01/2022,Contenido,"32º 3´ 32,8´´ S","65º 25´ 27,9´´ O",Junín,"Latitud: 32º 3´ 32,8´´ - Longitud: 65º 25´ 27,9´´ - Depto.: Junín - Superficie 1.700,0 ha - Bosque Nativo 50 % - Arbustal/Matorral 50 % - BB.VV. Lafinur, Quines, Los Molles y Santa Rosa de Conlara, BB. PL. San Luís (Cuartel 3), Vialidad Provincial.SNMF 1 Coordinador regional + asesora Técnica y 1 AT 802 (LV-JGK)"
17/01/2022,Aguadita del,San Luis,17/01/2022,Guardia de cenizas,"33º 13´ 58,9´´ S","66º 17´ 6,4´´ O",Juan Martín de Pueyrredón,"Latitud: 33º 13´ 58,9´´ - Longitud: 66º 17´ 6,4´´ - Depto.: Pueyrredon - BB.VV. PORTEZUELO La Punta, Potrero de Los Funes, Estancia Grande y BB. PL San Luís (Cuartel Aeropuerto) "
17/01/2022,Los Peros,San Luis,12/01/2022,Extinguido (15/01/2022),"32º 21´ 21,7´´ S","65º 13´ 28,7´´ O",Junín,"Latitud: 32º 21´ 21,7´´ - Longitud: 65º 13´ 28,7´´ - Depto.: Junín - Bosque (15/01/2022) Nativo 50 % - Arbustal/Matorral 50 % - BB.VV. Santa Rosa de Conlara"
17/01/2022,Las Lagunas,San Luis,13/01/2022,Activo,"32º 37´ 28,6´´ S","65º 32´ 53,9´´ O",Libertador General San Martín,"Latitud: 32º 37´ 28,6´´ - Longitud: 65º 32´ 53,9´´ - Depto.: San Martin - Bosque Nativo 50 % - Arbustal/Matorral 50 % - BB.VV. Tilisarao"
17/01/2022,Pje. Puertas,San Luis,12/01/2022,Extinguido (16/01/2022),32º 32´ 4´´ S,"65º 23´ 58,1´´ O",Chacabuco,"Latitud: 32º 32´ 4´´ - Longitud: 65º 23´ 58,1´´ - Depto.: Chacabuco - Superficie COLORADAS (16/01/2022) 1.700,0 ha - BB.VV. Concarán, Renca, Carpintería y Tilisarao"
17/01/2022,Pje. La Libertad,San Luis,15/01/2022,Extinguido (16/01/2022),33º 11´ 38´´ S,66º 51´ 52´´ O,Coronel Pringles,Latitud: 33º 11´ 38´´ - Longitud: 66º 51´ 52´´ - Ptos. de Referencia: Camino a (16/01/2022) Riocito (Ruta 39 Bis) - Depto.: Pringles - Bosque Nativo 50 % - Pastizal 50 %
17/01/2022,Toro Negro 2,San Luis,15/01/2022,Controlado,"32º 42´ 32,57´´ S","66º 20´ 38,8´´ O",Belgrano,"Latitud: 32º 42´ 32,57´´ - Longitud: 66º 20´ 38,8´´ - Depto.: Belgrano - Bosque Nativo 50 % - Arbustal/Matorral 50 % - BB.VV. Villa Gral Roca – Observaciones:Reinicio en Ruta 146, Km 55 (Campo Amieva)"
18/01/2022,Los Peros,San Luis,12/01/2022,Extinguido (15/01/2022),"32º 21´ 21,7´´ S","65º 13´ 28,7´´ O",Junín,"- Latitud: 32º 21´ 21,7´´ - Longitu d: 65 º 13´ 28 ,7´´ - Dep to.: Junín - Bo sque Nativo 50 % - Arb ustal/ Matorral 5 0 % - BB.VV. Santa R osa de Conlar a."
18/01/2022,Pje. Puertas Coloradas,San Luis,12/01/2022,Extinguido (16/01/2022),32º 32´ 4´´ S,"65º 23´ 58,1´´ O",Chacabuco,"- Latitud: 32º 32´ 4´´ - L ongitud: 6 5º 2 3´ 58,1´´ - Depto.: Chacabuco - Superficie 1.700,0 ha - BB.V V. Co ncarán, R enca , Carpin tería y Tili sarao."
18/01/2022,Los Cajones,San Luis,11/01/2022,Contenido,"32º 3´ 32,8´´ S","65º 25´ 27,9´´ O",Junín,"- Latitud: 32º 3´ 3 2,8´´ - Longitud: 65º 25´ 27,9 ´´ - Depto .: Junín - Sup erficie 1.700,0 ha - Bosq ue Na tivo 50 % - Ar bustal/M atorral 50 % - BB.VV. L afinur, Quines, Los Molle s y Sa nta Rosa de Conlara, BB. PL. S an Luís (Cuar tel 3), Vialidad Provincia l.SNM F 1 Coord ina dor regio nal + ase sora Técnica y 1 AT 802 (LV-JGK)"
18/01/2022,Ea. El Ciervo,San Luis,13/01/2022,Contenido,"34º 46´ 7,6´´ S","65º 15´ 48,2´´ O",Gobernador Dupuy,"- Latitud: 34º 46´ 7,6´´ - Longitud: 65º 15´ 48,2 ´´ - Bosq ue Nativo 33 % - Arbustal/Matorral 33 % - Pastizal 34 % - BB.V V. Buena Esperanza"
18/01/2022,Las Lagunas,San Luis,13/01/2022,Activo,"32º 37´ 28,6´´ S","65º 32´ 53,9´´ O",Libertador General San Martín,"- Latitud: 32º 37´ 28,6´´ - Longitu d: 65 º 32´ 53 ,9´´ - Dep to.: San Martin - Bosque Nativo 50 % - Arb ustal/ Matorral 5 0 % - BB.VV. Tilisarao ."
18/01/2022,Pampa del Tamboreo,San Luis,11/01/2022,Activo,33º 2´ 7´´ S,65º 35´ 7´´ O,Coronel Pringles,- Latitud: 33º 2´ 7´´ - Longitud: 65º 35´ 7´´ - Depto.: Pringles - Bosque Nativo 50 % - Arbustal/Matorral 50 % – Observaciones:Zona de dificil acceso
18/01/2022,Pje. La Libertad,San Luis,15/01/2022,Extinguido (16/01/2022),33º 11´ 38´´ S,66º 51´ 52´´ O,Coronel Pringles,Latitud: 33º 11´ 38´´ - Longitud: 66º 51´ 52´´ - Ptos. de Referencia: Camino a (16/01/2022) Riocito (Ruta 39 Bis) - Depto.: Pringles - Bosque Nativo 50 % - Pastizal 50 %
18/01/2022,Cia. Gral. de Hacienda,San Luis,13/01/2022,Controlado,35º 4´ 7´´ S,"65º 15´ 39,6´´ O",Gobernador Dupuy,"Latitud: 35º 4´ 7´´ - Longitud: 65º 15´ 39,6´´ - Ptos. de Referencia: Ruta N° 55 al N de Buena Esperanza, Estancia El Durazno - Depto.: Dupuy - Superficie 21.669,0 ha - Arbustal/Matorral 50 % - Pastizal 50 % - BB.VV. Buena Esperanza, Batavia, Unión, Trapiche, Capital y Bri For San Luís Solidario"
18/01/2022,Aguadita del Portezuelo,San Luis,17/01/2022,Contenido,"33º 13´ 58,9´´ S","66º 17´ 6,4´´ O",Juan Martín de Pueyrredón,"Latitud: 33º 13´ 58,9´´ - Longitud: 66º 17´ 6,4´´ - Depto.: Pueyrredon - PORTEZUELO Superficie 400,0 ha - Bosque Nativo 33 % - Arbustal/Matorral 33 % - Pastizal 34 % - BB.VV. La Punta, Potrero de Los Funes, Estancia Grande y BB. PL San Luís (Cuartel Aeropuerto)"
18/01/2022,Toro Negro 2,San Luis,15/01/2022,Contenido,"32º 42´ 32,57´´ S","66º 20´ 38,8´´ O",Belgrano,"Latitud: 32º 42´ 32,57´´ - Longitud: 66º 20´ 38,8´´ - Depto.: Belgrano - Bosque Nativo 50 % - Arbustal/Matorral 50 % - BB.VV. Villa Gral Roca, San Francisco, La Punta, La quebrada, El Volcan, BB. PL. San Luís (Cuarteles 2 y 4) y Bri For San Luís Solidario. – Observaciones:Reinicio en Ruta 146, Km 55 (Campo Amieva)"
19/01/2022,Pampa del Tamboreo,San Luis,11/01/2022,Extinguido (18/01/2022),33º 2´ 7´´ S,65º 35´ 7´´ O,Coronel Pringles,- Latitud: 33º 2´ 7´´ - Longitud: 65º 35´ 7´´ - Depto.: Pringles - Bosque Nativo 50 % - Arbustal/Matorral 50 % – Observaciones:Zona de dificil acceso
19/01/2022,Los Cajones/Las Palomas,San Luis,11/01/2022,Contenido,"32º 3´ 32,8´´ S","65º 25´ 27,9´´ O",Junín,"Latitud: 32º 3´ 32,8´´ - Longitud: 65º 25´ 27,9´´ - Depto.: Junín - Superficie 1.700,0 ha - Bosque Nativo 50 % - Arbustal/Matorral 50 % - BB.VV. Concaran, Merlo, Santa Rosa de Conlara, Tilisarao y Bri For San Luís SNMF 1 Coordinador regional + asesora Técnica y 1 AT 802 (LV-JGK)"
19/01/2022,Ea. El Ciervo,San Luis,13/01/2022,Extinguido (18/01/2022),"34º 46´ 7,6´´ S","65º 15´ 48,2´´ O",Gobernador Dupuy,"Latitud: 34º 46´ 7,6´´ - Longitud: 65º 15´ 48,2´´ - Bosque Nativo 33 % - Arbustal/Matorral 33 % - Pastizal 34 %"
19/01/2022,Toro Negro 2,San Luis,15/01/2022,Guardia de cenizas,"32º 42´ 32,57´´ S","66º 20´ 38,8´´ O",Belgrano,"Latitud: 32º 42´ 32,57´´ - Longitud: 66º 20´ 38,8´´ - Depto.: Belgrano - Bosque Nativo 50 % - Arbustal/Matorral 50 % - BB.VV. Villa Gral Roca. – Observaciones:Reinicio en Ruta 146, Km 55 (Campo Amieva)"
19/01/2022,Pje. La Libertad,San Luis,15/01/2022,Extinguido (16/01/2022),33º 11´ 38´´ S,66º 51´ 52´´ O,Coronel Pringles,Latitud: 33º 11´ 38´´ - Longitud: 66º 51´ 52´´ - Ptos. de Referencia: Camino a (16/01/2022) Riocito (Ruta 39 Bis) - Depto.: Pringles - Bosque Nativo 50 % - Pastizal 50 %
19/01/2022,Cia. Gral. de Hacienda,San Luis,13/01/2022,Controlado,35º 4´ 7´´ S,"65º 15´ 39,6´´ O",Gobernador Dupuy,"Latitud: 35º 4´ 7´´ - Longitud: 65º 15´ 39,6´´ - Ptos. de Referencia: Ruta N° 55 al N de Buena Esperanza, Estancia El Durazno - Depto.: Dupuy - Superficie 21.669,0 ha - Arbustal/Matorral 50 % - Pastizal 50 % - BB.VV. Buena Esperanza, Batavia, Unión, Trapiche, Capital y Bri For San Luís Solidario"
19/01/2022,Aguadita del Portezuelo,San Luis,17/01/2022,Guardia de cenizas,"33º 13´ 58,9´´ S","66º 17´ 6,4´´ O",Juan Martín de Pueyrredón,"Latitud: 33º 13´ 58,9´´ - Longitud: 66º 17´ 6,4´´ - Depto.: Pueyrredon - PORTEZUELO Superficie 400,0 ha - Bosque Nativo 33 % - Arbustal/Matorral 33 % - Pastizal 34 % - BB.VV. La Punta"
19/01/2022,Las Lagunas,San Luis,13/01/2022,Extinguido (18/01/2022),"32º 37´ 28,6´´ S","65º 32´ 53,9´´ O",Libertador General San Martín,"Latitud: 32º 37´ 28,6´´ - Longitud: 65º 32´ 53,9´´ - Depto.: San Martin - Bosque (18/01/2022) Nativo 50 % - Arbustal/Matorral 50 % "
20/01/2022,Los Cajones/Las Palomas,San Luis,11/01/2022,Controlado,"32º 3´ 32,8´´ S","65º 25´ 27,9´´ O",Junín,"Latitud: 32º 3´ 32,8´´ - Longitud: 65º 25´ 27,9´´ - Depto.: Junín - Superficie 1.700,0 ha - Bosque Nativo 50 % - Arbustal/Matorral 50 % - BB.VV. Merlo, Los Molles y Carpintería.SNMF 1 Coordinador regional + asesora Técnica"
20/01/2022,Cia. Gral. de,San Luis,13/01/2022,Extinguido (18/01/2022),35º 4´ 7´´ S,"65º 15´ 39,6´´ O",Gobernador Dupuy,"Latitud: 35º 4´ 7´´ - Longitud: 65º 15´ 39,6´´ - Ptos. de Referencia: Ruta N° 55 HACIENDA (18/01/2022) al N de Buena Esperanza, Estancia El Durazno - Depto.: Dupuy - Superficie 21.669,0 ha - Arbustal/Matorral 50 % - Pastizal 50 %"
20/01/2022,Aguadita del,San Luis,17/01/2022,Guardia de cenizas,"33º 13´ 58,9´´ S","66º 17´ 6,4´´ O",Juan Martín de Pueyrredón,"Latitud: 33º 13´ 58,9´´ - Longitud: 66º 17´ 6,4´´ - Depto.: Pueyrredon - PORTEZUELO Superficie 400,0 ha - Bosque Nativo 33 % - Arbustal/Matorral 33 % - Pastizal 34 % - BB.VV. La Punta"
20/01/2022,Toro Negro 2,San Luis,15/01/2022,Guardia de cenizas,"32º 42´ 32,57´´ S","66º 20´ 38,8´´ O",Belgrano,"Latitud: 32º 42´ 32,57´´ - Longitud: 66º 20´ 38,8´´ - Depto.: Belgrano - Bosque Nativo 50 % - Arbustal/Matorral 50 % - BB.VV. Villa Gral Roca. – Observaciones:Reinicio en Ruta 146, Km 55 (Campo Amieva) ASERRADERO EL TIERRA DEL 25/09/2021 Guardia de cenizas - Latitud: 54º 31´ 6,1´´ - Longitud: 67º 11´ 23,3´´ - Depto.: Tolhuin - Superficie LITORAL FUEGO 0,4 ha - Vegatación Otros 100 % - Personal, cisternas y hoyadora del aserradero – Observaciones:Guardia permanente dentro del parque industrial de Tolhuin, personal de PC recorre 1 vez por día y personal de la empresa queda atenta por si surgen puntos calientes. El incendio fue entregado por acta desde la provincia al propietario del aserradero. "
21/01/2022,Los Cajones/Las Palomas,San Luis,11/01/2022,Controlado,"32º 3´ 32,8´´ S","65º 25´ 27,9´´ O",Junín,"- Latitud: 32º 3´ 32,8´´ - Longitu d: 6 5º 25 ´ 27,9´´ - Depto.: Junín - Sup erficie 1.700,0 h a - B osque Nativo 50 % - Arbus tal/Mat orr al 50 % - BB.VV. M erlo, Lo s Molles y C arpi ntería."
21/01/2022,Aguadita del Portezuelo,San Luis,17/01/2022,Extinguido (20/01/2022),"33º 13´ 58,9´´ S","66º 17´ 6,4´´ O",Juan Martín de Pueyrredón,"- Latitud: 33º 13´ 58,9´´ - Longit ud: 66º 1 7´ 6,4´´ - Depto.: Pueyrredon - Superficie 400 ,0 ha - Bosque N ativo 33 % - Arbu st al/Mato rral 33 % - P astizal 34 %"
21/01/2022,Toro Negro 2,San Luis,15/01/2022,Extinguido (21/01/2022),"32º 42´ 32,57´´ S","66º 20´ 38,8´´ O",Belgrano,"- Latitud: 32º 42´ 32,57´´ - Longitud: 66º 20´ 38,8´´ - Depto.: Belgrano - Bosque Nativo 50 % - Arbustal/Matorral 50 % – Observaciones:Reinicio en Ruta 146, Km 55 (Campo Amieva)"
24/01/2022,Dique San Felipe,San Luis,23/01/2022,Activo,32º 48´ 21´´ S,65º 27´ 40´´ O,Chacabuco,- Latitud: 32º 48´ 21´´ - Lo ngitud: 65º 2 7´ 40´´ - De pto.: Chac abuco - B Nativo 33 % - Arb ustal/Ma torral 33 % - Pastizal 3 4 % - BB.V V. Nasche
24/01/2022,Los Cajones/Las Palomas,San Luis,11/01/2022,Controlado,"32º 3´ 32,8´´ S","65º 25´ 27,9´´ O",Junín,"- Latitud: 32º 3´ 32,8´´ - Longitud: 65º 25´ 27,9´´ - Depto.: Junín - Superficie 2.930,0 ha - Bosque Nativo 50 % - Arbustal/Matorral 50 % - BB.VV. Merlo, Los Molles y Carpintería."
25/01/2022,Dique San Felipe,San Luis,23/01/2022,Controlado,32º 48´ 21´´ S,65º 27´ 40´´ O,Chacabuco,- Latitud: 32º 48´ 21´´ - Lo ngitud: 65º 27 ´ 4 0´´ - De pto.: Cha cabuco - Bosque Nativo 33 % - Arb ustal/Ma torral 33 % - Past izal 34 % - BB.V V. Nasc hel.
25/01/2022,Los Cajones/Las Palomas,San Luis,11/01/2022,Controlado,"32º 3´ 32,8´´ S","65º 25´ 27,9´´ O",Junín,"- Latitud: 32º 3´ 32,8´´ - Longitud: 65º 25´ 27,9´´ - Depto.: Junín - Superficie 2.930,0 ha - Bosque Nativo 50 % - Arbustal/Matorral 50 % - BB.VV. Merlo, Los Molles y Carpintería."
26/01/2022,Dique San Felipe,San Luis,23/01/2022,Extinguido (25/01/2022),32º 48´ 21´´ S,65º 27´ 40´´ O,Chacabuco,- Latitud: 32º 48´ 21´´ - L ongitud: 65º 2 7´ 4 0´´ - De pto.: Chac abuco - Bosque Nativo 33 % - Arb ustal/M atorral 33 % - Past izal 34 %
26/01/2022,Los Cajones/Las Palomas,San Luis,11/01/2022,Controlado,"32º 3´ 32,8´´ S","65º 25´ 27,9´´ O",Junín,"- Latitud: 32º 3´ 32,8´´ - Longitud: 65º 25´ 27,9´´ - Depto.: Junín - Superficie 2.930,0 ha - Bosque Nativo 50 % - Arbustal/Matorral 50 % - BB.VV. Merlo, Los Molles y Carpintería."
27/01/2022,Los Cajones/Las Palomas,San Luis,11/01/2022,Controlado,"32º 3´ 32,8´´ S","65º 25´ 27,9´´ O",Junín,"- Latitud: 32º 3´ 32,8´´ - Longitud: 65º 25´ 27,9´´ - Depto.: Junín - Superficie 2.930,0 ha - Bosque Nativo 50 % - Arbustal/Matorral 50 %"
31/01/2022,La Aguadita,San Luis,30/01/2022,Controlado,"33º 22´ 8,11´´ S","66º 29´ 39,2002´´ O",Juan Martín de Pueyrredón,"- Latitud: 33º 22´ 8,11´´ - Longitud: 66º 29´ 39,2002´´ - Depto.: Pueyrredon - Superficie 3,0 ha - Bosque Nativo 34 % - Arbustal/Matorral 33 % - Pastizal 33 % - BB.VV. La Punta, El Volcán, Villa de la Quebrada y BB. PL San Luis."
1/02/2022,La Aguadita,San Luis,30/01/2022,Controlado,"33º 22´ 8,11´´ S","66º 29´ 39,2002´´ O",Juan Martín de Pueyrredón,"Latitud: 33º 22´ 8,11´´ - Longitud: 66º 29´ 39,2002´´ - Depto.: Pueyrredon - Superficie 3,0 ha - Bosque Nativo 34 % - Arbustal/Matorral 33 % - Pastizal 33 %"
2/02/2022,La Aguadita,San Luis,30/01/2022,Extinguido (01/02/2022),"33º 22´ 8,11´´ S","66º 29´ 39,2002´´ O",Juan Martín de Pueyrredón,"- Latitud: 33º 22´ 8,11´´ - Longitud: 66º 29´ 39,2002´´ - Depto.: Pueyrredon - Superficie 3,0 ha - Bosque Nativo 34 % - Arbustal/Matorral 33 % - Pastizal 33 % - BB.VV. La Punta, El Volcán, Villa de la Quebrada y BB. PL San Luis."
3/02/2022,Zona de Damiana Vega,San Luis,30/01/2022,Extinguido (03/02/2022),"32º 20´ 54,8´´ S",65º 0´ 30´´ O,Junín,"- Latitud: 32º 20´ 54,8´´ - Longitud: 65º 0´ 30´´ - Depto.: Junin - Bosque Nativo 33 % - Arbustal/Matorral 33 % - Pastizal 34 %"
8/02/2022,Cerca Planta Recicladora Quines,San Luis,6/02/2022,Extinguido (06/02/2022),"32º 24´ 8,8´´ S","65º 6´ 52,1´´ O",Ayacucho,"- Latitud: 3 2º 24´ 8,8´´ - Longitud: 65º 6´ 52,1´´ - Depto.: Ay acuc ho - Super ficie 0,5 ha - Bo sque Nativo 3 3 % - Arbust al/Matorral 3 3 % - Pas tizal 34 %"
8/02/2022,Barrio Justicia Social,San Luis,6/02/2022,Extinguido (07/02/2022),"32º 43´ 36,5´´ S","65º 17´ 18,7´´ O",Chacabuco,"- Latitud: 32º 43´ 36,5´´ - Longitud: 65º 17´ 18,7´´ - Depto.: Chacabuco - Superficie 4,0 ha - Bosque Nativo 33 % - Arbustal/Matorral 33 % - Pastizal 34 % – Medios utilizados: 3 Unidad Liviana , 1 Camion Cisterna"
10/02/2022,Ruta 41 Cerca Potrerillos,San Luis,8/02/2022,Guardia de cenizas,32º 38´ 58´´ S,"65º 41´ 28,3´´ O",Libertador General San Martín,"- Latitud: 32º 38´ 58´´ - Longitud: 65º 41´ 28,3´´ - Depto.: San Martin - Superficie 10,0 ha - Bosque Nativo 34 % - Arbustal/Matorral 33 % - Pastizal 33 % - BB.VV. Carolina y La Toma"
11/02/2022,Campo Esquina Km 59 - Toro Negro (R 146),San Luis,10/02/2022,Extinguido (11/02/2022),"32º 44´ 2,6´´ S","65º 20´ 25,5´´ O",Belgrano,"- Latitud: 32º 44´ 2,6´´ - Longitud: 65º 20 ´ 25,5´ ´ - Ptos . de R eferencia: in cendio de banquina - De pto.: be lgrano - S uperfi cie 50, 0 ha - B osqu e Nativo 33 % - Arbustal/Matorral 33 % - Pastizal 3 4 % - BB.VV . Villa de La Quebrada y Manantiales"
11/02/2022,Ruta 27 - Campo Sanuni al Norte,San Luis,10/02/2022,Extinguido (11/02/2022),"33º 27´ 41,5´´ S","65º 38´ 32,7´´ O",Ayacucho,"- Latitud: 33º 27´ 41,5´´ - Longitud: 65º 38´ 32,7´´ - Ptos. de Referencia: Pegado al campo centenario - Depto.: Ayacucho - Superficie 300,0 ha - Bosque Nativo 33 % - Arbustal/Matorral 33 % - Pastizal 34 % - BB.VV. El Fortín"
11/02/2022,Ruta 41 Cerca Potrerillos,San Luis,8/02/2022,Extinguido (11/02/2022),32º 38´ 58´´ S,"65º 41´ 28,3´´ O",Libertador General San Martín,"- Latitud: 32º 38´ 58´´ - Longitud: 65º 41´ 28,3´´ - Depto.: San Martin - Superficie 10,0 ha - Bosque Nativo 34 % - Arbustal/Matorral 33 % - Pastizal 33 % - BB.VV. Carolina, Merlo, La Toma y Bri For San Luis Solidario"
17/02/2022,Estancia San Jose,San Luis,16/02/2022,Extinguido (17/02/2022),"35º 9´ 34,9´´ S","65º 17´ 52,1´´ O",Gobernador Dupuy,"Latitud: 35º 9´ 34,9´´ - Longitud: 65º 17´ 52,1´´ - Depto.: Gobernador Dupuy - JOSE (17/02/2022) Superficie 300,0 ha - Bosque Nativo 33 % - Arbustal/Matorral 33 % - Pastizal 34 % "
21/02/2022,Nueva Escocia,San Luis,18/02/2022,Extinguido (19/02/2022),33º 46´ 57´´ S,65º 43´ 1´´ O,General Pedernera,"Latitud: 33º 46´ 57´´ - Longitud: 65º 43´ 1´´ - Depto.: Pedernera - Superficie RUTA 11 (19/02/2022) 35,0 ha - Bosque Nativo 34 % - Arbustal/Matorral 33 % - Pastizal 33 %"
15/03/2022,Villa Mercedes,San Luis,14/03/2022,Activo,33º 49´ 23´´ S,"65º 25´ 30,7´´ O",General Pedernera,"Latitud: 33º 49´ 23´´ - Longitud: 65º 25´ 30,7´´ - Depto.: Pedernera - Bosque MERCEDES - Nativo 34 % - Arbustal/Matorral 33 % - Pastizal 33 % - BBVV El Fortin ESTANCIA LOS SAUCES"
16/03/2022,Villa Mercedes,San Luis,14/03/2022,Extinguido (15/03/2022),33º 49´ 23´´ S,"65º 25´ 30,7´´ O",General Pedernera,"- Latitud: 33º 49´ 23´´ - Longitud: 65º 25´ 30,7´´ - Depto.: Pedernera - Bosque Nativo 34 % - Arbustal/Matorral 33 % - Pastizal 33 % - BBVV El Fortin"
18/03/2022,Campo La Gaviota,San Luis,17/03/2022,Extinguido (18/03/2022),"35º 28´ 59,3´´ S","65º 49´ 12,2´´ O",Gobernador Dupuy,"- Latitud: 35º 2 8´ 59,3´ ´ - Longit ud : 65º 49´ 12, 2´´ - Depto.: G obernador Dupuy - Bosque Nativo 50 % - Arbustal/ Ma torral 50 %"
21/03/2022,Campo Isabatini,San Luis,17/03/2022,Extinguido (21/3/2022),32º 3´ 40´´ S,65º 49´ 42´´ O,Ayacucho,"- Latitud: 32º 3´ 40´´ - Longitu d: 6 5º 49´ 42´´ - Depto.: Ayacu cho - Superficie 3,0 ha - Pastizal 5 0 % - V egatació n O tros 50 % - B BVV Quines"
21/03/2022,Ruta 7 Frente Maxiconsumo,San Luis,18/03/2022,Extinguido (19/3/2022),"33º 19´ 36,7´´ S","66º 21´ 29,5´´ O",Juan Martín de Pueyrredón,"- Latitud: 33º 19´ 36, 7´´ - Lon gitu d: 66º 2 1´ 29, 5´´ - Depto.: J uan Martin de Pueyredon - S uperfic ie 0,5 ha - A rbustal /Matorr al 50 % - Pas tizal 50 %"
28/03/2022,Estancia Los Cedros,San Luis,27/03/2022,Extinguido (28/3/2022),"34º 50´ 31,7´´ S","65º 15´ 16,1´´ O",General Pedernera,"- Latitud: 34º 50´ 31,7´ ´ - Longitud: 65º 15´ 16, 1´´ - Ptos. de Referencia: Sobre Ruta N°55 , Km 703 - D ep to.: Gener al P ede rner a - S uperficie 100,0 ha - Bosque Nativo 34 % - Arbustal/ Ma torral 33 % - Pas tizal 33 %"
28/03/2022,Establecimietno El Centenario,San Luis,26/03/2022,Extinguido (26/3/2022),"34º 25´ 53,6´´ S",66º 5´ 2´´ O,General Pedernera,"- Latitud: 34º 25´ 53,6´´ - Longitud: 66º 5´ 2´´ - Ptos. de Referencia: Lote 30, por Ruta 27 - Depto.: General Pedernera - Superficie 800,0 ha - Pastizal 100 %"
4/04/2022,Estancia La Vaca,San Luis,3/04/2022,Contenido,34º 46´ 38´´ S,65º 15´ 34´´ O,Gobernador Dupuy,- Latitud: 34º 46´ 38´´ - Longitud: 65º 15´ 34´´ - Depto.: Gobernador Dupuy - Bosque Nativo 34 % - Arbustal/Matorral 33 % - Pastizal 33 % - BBVV Buena Esperanza
5/04/2022,Estancia La Vaca,San Luis,3/04/2022,Controlado,34º 46´ 38´´ S,65º 15´ 34´´ O,Gobernador Dupuy,- Latitud: 34º 46´ 38´´ - Longitud: 65º 15´ 34´´ - Depto.: Gobernador Dupuy - Bosque Nativo 34 % - Arbustal/Matorral 33 % - Pastizal 33 % - BBVV Buena Esperanza
6/04/2022,Estancia La Vaca,San Luis,3/04/2022,Extinguido (6/4/2022),34º 46´ 38´´ S,65º 15´ 34´´ O,Gobernador Dupuy,"- Latitud: 34º 46´ 38´´ - Longitud: 65º 15´ 34´´ - Depto.: Gobernador Dupuy - Superficie 40,0 ha - Bosque Nativo 34 % - Arbustal/Matorral 33 % - Pastizal 33 % - BBVV Buena Esperanza"
7/04/2022,Chorro San Ignacion,San Luis,6/04/2022,Extinguido (07/04/2022),"32º 38´ 16,5´´ S","64º 57´ 2,2´´ O",Chacabuco,"- Latitud: 32º 38´ 16,5´´ - Longitud: 64º 57´ 2,2´´ - Depto.: Chacabuco - Bosque Nativo 34 % - Arbustal/Matorral 33 % - Pastizal 33 %"
11/04/2022,Estancia Rezo del Rosario,San Luis,10/04/2022,Extinguido (11/4/2022),33º 1´ 14´´ S,65º 40´ 18´´ O,Coronel Pringles,"- Latitud: 33º 1´ 1 4´´ - Longitud: 6 5º 40´ 18´´ - Depto.: Coron el Pringles - Superficie 200 ,0 h a - P astizal 100 %"
11/04/2022,Estancia Las Lajas,San Luis,9/04/2022,Extinguido (11/4/2022),33º 18´ 14´´ S,65º 52´ 29´´ O,Coronel Pringles,"- Latitud: 33º 18´ 14´´ - Longitud: 65º 52´ 29´´ - Ptos. de Referencia: Camino al Dique Paso de Las Carretas entre Saladillo y Juan Llerena. - Depto.: Coronel Pringles - Superficie 100,0 ha - Vegatación Otros 100 %"
18/04/2022,Estancia La Cora,San Luis,13/04/2022,Extinguido (14/4/2022),"34º 46´ 26,9´´ S","65º 42´ 15,5´´ O",Gobernador Dupuy,"- Latitud: 34º 46´ 26,9´´ - Longitud: 65º 42´ 15,5´´ - Dept o.: G obe rnador Dupuy - Superficie 0,5 ha - Pasti z al 100 %"
18/04/2022,Ingreso Cerro La Cruz,San Luis,13/04/2022,Extinguido (13/4/2022),"33º 15´ 40,3´´ S","66º 18´ 22,9´´ O",Juan Martín de Pueyrredón,"- Latitud: 33º 15´ 40,3´´ - Longitud: 66º 18´ 22,9´´ - Depto.: Pueyrredon - Superficie 0,5 ha - Pastizal 100 %"
28/04/2022,Peaje La,San Luis,27/04/2022,Activo,"33º 7´ 11,8´´ S","65º 5´ 12,2´´ O",Chacabuco,"Latitud: 33º 7´ 11,8´´ - Longitud: 65º 5´ 12,2´´ - Depto.: Chacabuco - Pastizal PUNILLA 100 % - BB.VV. Villa del Carmen, Naschel y BB. PL San Luis (Cuartel N°6)"
29/04/2022,RN 7 Km 774,San Luis,28/04/2022,Extinguido,32º 3´ 5´´ S,"65º 29´ 39,2´´ O",Juan Martín de Pueyrredón,"Latitud: 32º 3´ 5´´ - Longitud: 65º 29´ 39,2´´ - Depto.: Juan Martin de (29/04/2022) Pueyrredon - Superficie 0,5 ha"
29/04/2022,Zanjita,San Luis,28/04/2022,Extinguido,"33º 49´ 22,1´´ S","66º 24´ 13,2´´ O",Juan Martín de Pueyrredón,"Latitud: 33º 49´ 22,1´´ - Longitud: 66º 24´ 13,2´´ - Depto.: Juan Martin de (28/04/2022) Pueyrredon - Superficie 0,5 ha - Pastizal 100 %"
29/04/2022,Peaje La,San Luis,27/04/2022,Extinguido,"33º 7´ 11,8´´ S","65º 5´ 12,2´´ O",General Pedernera,"Latitud: 33º 7´ 11,8´´ - Longitud: 65º 5´ 12,2´´ - Depto.: General Pedernera - PUNILLA (28/04/2022) Pastizal 100 % - BB.VV. Villa del Carmen, Naschel y BB. PL San Luis (Cuartel N°6)"
16/05/2022,Estancia La Barrancosa,San Luis,15/05/2022,Extinguido (16/5/2022),"34º 20´ 48,3´´ S",65º 47´ 59´´ O,General Pedernera,"- Latitud: 34º 20´ 48,3´´ - Longitud: 65º 47´ 59´´ - Ptos. de Referencia: A 60 Km de Batavia, Rutas 27 y 43 - Depto.: General Pedernera - Superficie 3,0 ha - Vegatación Otros 100 % - BBVV Batavia"
23/05/2022,Basural del Cabildo,San Luis,22/05/2022,Activo,"33º 18´ 29,4´´ S","66º 22´ 6,3´´ O",Juan Martín de Pueyrredón,"- Latitud: 33º 18´ 29,4´´ - Longitud: 66º 22´ 6,3´´ - Depto.: Juan Martin de Pueyrredon - Vegatación Otros 100 % - BB.VV. La Punta"
23/05/2022,Estancia La Florida,San Luis,21/05/2022,Extinguido (22/5/2022),"35º 7´ 47,9´´ S","65º 27´ 46,4´´ O",Gobernador Dupuy,"- Latitud: 35º 7´ 47,9´´ - Longitud: 65º 27´ 46,4´´ - Depto.: Gobernador Dupuy - Superficie 15,0 ha - Pastizal 100 %"
23/05/2022,Campo Giordano,San Luis,21/05/2022,Extinguido (22/5/2022),"33º 36´ 50,8´´ S","65º 16´ 23,4´´ O",General Pedernera,"- Latitud: 33º 36´ 50,8´´ - Longitud: 65º 16´ 23,4´´ - Ptos. de Referencia: Campos afectados: Santa Rosa, Chamico y San Jose - Depto.: General Pedernera - Superficie 70,0 ha - Vegatación Otros 100 % - BB.VV. El Fortín y Justo Darac"
24/05/2022,Basural del Cabildo,San Luis,22/05/2022,Guardia de cenizas,"33º 18´ 29,4´´ S","66º 22´ 6,3´´ O",Juan Martín de Pueyrredón,"- Latitud: 33º 18´ 29,4´´ - Longitud: 66º 22´ 6,3´´ - Depto.: Juan Martin de Pueyrredon - Superficie 3,0 ha - Vegatación Otros 100 % - BB.VV. La Punta"
26/05/2022,Villa Larca,San Luis,25/05/2022,Extinguido (25/05/2022),"33º 37´ 3,6´´ S","64º 58´ 57,5´´ O",Chacabuco,"- Latitud: 33º 37´ 3,6´´ - Longit ud: 64º 5 8´ 57 ,5´´ - Depto.: Chacabuco - Superficie 1,0 ha - Pastizal 50 % - Vega tació n Otros 50 %"
26/05/2022,Basural del Cabildo,San Luis,22/05/2022,Extinguido (25/05/2022),"33º 18´ 29,4´´ S","66º 22´ 6,3´´ O",Juan Martín de Pueyrredón,"- Latitud: 33º 18´ 29,4´´ - Long itu d: 66º 22´ 6, 3´´ - Depto.: Juan Martin de Pueyrredon - Sup erficie 3,0 ha - V egata ción Otros 100 % - BB.VV. La Punta"
30/05/2022,Basural del Cabildo,San Luis,22/05/2022,Extinguido (25/05/2022),"33º 18´ 29,4´´ S","66º 22´ 6,3´´ O",Juan Martín de Pueyrredón,"- Latitud: 33º 18´ 29,4´´ - Longitud: 66º 22´ 6,3´´ - Depto.: Juan Martin de Pueyrredon - Superficie 0,0 ha - BB.VV. La Punta"
31/05/2022,Basural del Cabildo,San Luis,22/05/2022,Guardia de cenizas,"33º 18´ 29,4´´ S","66º 22´ 6,3´´ O",Juan Martín de Pueyrredón,"Latitud: 33º 18´ 29,4´´ - Longitud: 66º 22´ 6,3´´ - Depto.: Juan Martin de CABILDO 3 Pueyrredon - Superficie 0,0 ha - BB.VV."
1/06/2022,Basural del Cabildo,San Luis,22/05/2022,Guardia de cenizas,"33º 18´ 29,4´´ S","66º 22´ 6,3´´ O",Juan Martín de Pueyrredón,"Latitud: 33º 18´ 29,4´´ - Longitud: 66º 22´ 6,3´´ - Depto.: Juan Martin de CABILDO 3 Pueyrredon - Superficie 0,0 ha - BB.VV. "
2/06/2022,Estancia Santa Maria - Nueva Galia,San Luis,31/05/2022,Extinguido (31/05/2022),"35º 7´ 33,9´´ S","65º 15´ 21,5´´ O",Gobernador Dupuy,"- Latitud: 35º 7´ 3 3,9´´ - Longitud: 65º 1 5´ 21,5´ ´ - Depto.: Gobernador Dupuy Superficie 5,0 ha - Vega tación Otr os 10 0 % - Ca usa orige n del incendi o: Line electrica"
2/06/2022,Basural del Cabildo 3,San Luis,22/05/2022,Extinguido (02/06/2022),"33º 18´ 29,4´´ S","66º 22´ 6,3´´ O",Juan Martín de Pueyrredón,"- Latitud: 33º 18´ 29,4´´ - Longitud : 66º 22´ 6,3´ ´ - Depto.: Juan Martin de Pueyrredon - Sup erficie 0,0 ha - B B.VV. La Pun ta"
6/06/2022,Basural del Cabildo 4,San Luis,3/06/2022,Extinguido (4/6/2022),"33º 18´ 29,4´´ S","66º 22´ 6,3´´ O",Juan Martín de Pueyrredón,"- Latitud: 33º 18´ 29,4´´ - Longitud: 6 6º 2 2´ 6,3´´ - Dep to.: Juan Mar tin de Pueyrredon - Supe rficie 0,0 ha - Veg atac ión Otros 100 %"
6/06/2022,Viñas Puntanas,San Luis,4/06/2022,Extinguido (4/6/2022),32º 19´ 9´´ S,65º 15´ 37´´ O,Junín," - Latitud: 32º 19´ 9´´ - Longitud: 65º 15´ 37´ ´ - Ptos. de Referencia: Ruta 5, camino a Bajo de Veliz - Depto.: Jun in - Sup erficie 0,1 ha - Pastizal 100 %"
6/06/2022,Ruta 79,San Luis,3/06/2022,Extinguido (3/6/2022),32º 28´ 44´´ S,66º 8´ 4´´ O,Ayacucho,"- Latitud: 32º 28´ 44´´ - Longitud: 66º 8´ 4´´ - Depto.: Ayacucho - Superficie 2,0 ha - Pastizal 100 %"
6/06/2022,"Estancia Grande, Ruta 9",San Luis,3/06/2022,Extinguido (4/6/2022),33º 20´ 51´´ S,65º 48´ 30´´ O,Coronel Pringles,"- Latitud: 33º 20´ 51´´ - Longitud: 65º 48´ 30´´ - Ptos. de Referencia: Frente a cancha de polo - Depto.: Coronel Pringles - Superficie 2,0 ha - Arbustal/Matorral 50 % - Pastizal 50 % - BBVV Estancia Grande"
6/06/2022,Estancia La Juana,San Luis,3/06/2022,Extinguido (3/6/2022),"34º 46´ 25,5´´ S","65º 40´ 25,3´´ O",Gobernador Dupuy,"- Latitud: 34º 46´ 25,5´´ - Longitud: 65º 40´ 25,3´´ - Depto.: Gobernador Dupuy - Superficie 1,5 ha - Pastizal 100 %"
8/06/2022,Nueva Galia (Quinta Los Godoy),San Luis,7/06/2022,Extinguido (08/06/2022),"35º 6´ 21,8´´ S","65º 15´ 9,5´´ O",Gobernador Dupuy,"- Latitud: 35º 6´ 2 1,8´´ - Longitud: 65º 15´ 9,5´ ´ - Depto.: Gobernador Superficie 700,0 h a - Ar bustal/Mat orra l 50 % - Pastizal 5 0 % - BBVV Esperanza"
8/06/2022,La Reserva Natural,San Luis,7/06/2022,Extinguido (07/06/2022),"33º 4´ 50,6´´ S","66º 1´ 48,5´´ O",Juan Martín de Pueyrredón,"- Latitud: 33º 4´ 5 0,6´´ - Longitud: 66º 1´ 48,5´ ´ - Depto.: Juan Martin Pueyrredon - Sup erficie 4,0 ha - A rbu stal/Mato rral 50 % - Pastizal 50"
13/06/2022,Estancia La Nutria,San Luis,11/06/2022,Extinguido (12/06/2022),"34º 19´ 36,6´´ S","65º 47´ 59,6´´ O",Gobernador Dupuy,"- Latitud: 34º 19´ 36,6´´ - Longitud: 65º 47´ 59,6´´ - Depto.: Gobernador Superficie 1,0 ha - Pastiz al 100 %"
13/06/2022,Basural La Punta 5,San Luis,11/06/2022,Contenido,"33º 9´ 38,3´´ S","66º 20´ 1,7´´ O",Juan Martín de Pueyrredón,"- Latitud: 33º 9´ 3 8,3´´ - L ongitud: 6 6º 2 0´ 1,7´´ - Depto.: Ju an Martin de Pueyrredon - Veg atación Otros 100 % - BB.VV. La Punta"
13/06/2022,Vivorco,San Luis,10/06/2022,Extinguido (12/06/2022),33º 6´ 22´´ S,"66º 4´ 19,4´´ O",Coronel Pringles,"- Latitud: 33º 6´ 2 2´´ - Lo ngitud: 66º 4´ 19,4´´ - Depto.: Cor onel Pringles Superficie 7,0 ha - Bosqu e Nativo 3 4 % - Arbustal/Matorral 33 % - Pasti BB.VV. Estancia Grande, Trapiche y DC MCP de Trapiche."
13/06/2022,La Juana,San Luis,11/06/2022,Extinguido,"34º 46´ 21,7´´ S","65º 40´ 8,5´´ O",Gobernador Dupuy,"Latitud: 34º 46´ 21,7´´ - Longitud: 65º 40´ 8,5´´ - Depto.: Gobernador Dupuy - (11/06/2022) Superficie 2,5 ha - Arbustal/Matorral 33 % - Pastizal 34 % - Vegatación Otros 33 % - BB.VV. Batavia"
13/06/2022,Los Chañares y,San Luis,10/06/2022,Extinguido,"32º 18´ 39,6´´ S","65º 16´ 4,1´´ O",Junín,"Latitud: 32º 18´ 39,6´´ - Longitud: 65º 16´ 4,1´´ - Depto.: Junin - Bosque Nativo PUNTA DEL AGUA (11/06/2022) 34 % - Arbustal/Matorral 33 % - Pastizal 33 % - BB. PL San Luis (Cuartel N°3) y BB.VV. Santa Rosa "
14/06/2022,Basural La Punta 5,San Luis,11/06/2022,Extinguido (13/6/2022),"33º 9´ 38,3´´ S","66º 20´ 1,7´´ O",Juan Martín de Pueyrredón,"- Latitud: 33º 9´ 38,3´´ - Longitu d: 66º 2 0´ 1,7´´ - Depto.: Juan Martin de Pueyrredon - Vegatación Otros 100 % - BB.VV. La Punta"
21/06/2022,Escuela Sauce Viejo,San Luis,15/06/2022,Extinguido (17/6/2022),"32º 31´ 24,7´´ S","65º 14´ 13,5´´ O",Chacabuco,"- Latitud: 32º 31´ 24,7´´ - Longitu d: 65 º 14´ 13 ,5 ´´ - Dep to.: Chacabuco - Arbustal/Matorral 50 % - Pastizal 50 % - BB.V V. Concar an, BB. PL. San Luis (Cuartel 3)."
21/06/2022,Axion,San Luis,19/06/2022,Extinguido (20/6/2022),33º 17´ 52´´ S,66º 16´ 35´´ O,Juan Martín de Pueyrredón,- Latitud: 33º 17´ 52´´ - Longitud: 66º 16´ 35´´ - Depto.: Juan Martin de Pueyrredon - Arbu stal/M atorral 50 % - Pastizal  50 % - B BVV Capital
23/06/2022,Campo Mario Gomez,San Luis,21/06/2022,Extinguido (21/06/2022),34º 46´ 27´´ S,"65º 40´ 34,4´´ O",Gobernador Dupuy,"- Latitud: 34º 46´ 27´´ - Longitud: 65º 40´ 34,4´´ - D Superficie 5,0 ha - Arbustal/Mator ral 34 % - Pastiza %"
28/06/2022,Fortuna,San Luis,25/06/2022,Extinguido (25/6/2022),"35º 38´ 21,2´´ S","65º 38´ 22,2´´ O",Gobernador Dupuy,"- Latitud: 35º 38´ 21,2´´ - Longitu d: 65º 38 ´ 22,2´´ - Depto.: Gobe rnador Dupu y - Superficie 1,0 ha - Arbustal/Mator ral 34 % - Pastizal 33 % - Vegat ación Otros 33 %"
29/06/2022,Ruta 7 y Autopista Los Puquios,San Luis,25/06/2022,Controlado,"33º 18´ 33,7´´ S","66º 18´ 2,3´´ O",Juan Martín de Pueyrredón,"- Latitud: 33º 18´ 33,7´´ - Longitud: 66º 18´ 2,3´´ - Depto.: Juan Martin de Pueyrredon - Arbustal/Matorral 34 % - Pastizal 33 % - Vegatación Otros 33 % - BB. PL. SAN LUIS (Cuartel n°4)"
30/06/2022,Ruta 7 y Autopista Los Puquios,San Luis,25/06/2022,Extinguido (29/6/2022),"33º 18´ 33,7´´ S","66º 18´ 2,3´´ O",Juan Martín de Pueyrredón,"- Latitud: 33º 18´ 33,7´´ - Longitud: 66º 18´ 2,3´´ - Depto.: Juan Martin de Pueyrredon - Arbustal/Matorral 34 % - Pastizal 33 % - Vegatación Otros 33 % - BB. PL. SAN LUIS (Cuartel n°4)"
1/07/2022,Frente Hospital Ramon Carrillo,San Luis,30/06/2022,Controlado,33º 18´ 10´´ S,"66º 16´ 56,8´´ O",Juan Martín de Pueyrredón,"- Latitud: 3 3º 18´ 10´´ - L ongitud: 66 º 16 ´ 56,8´´ - Dep to.: Juan Martin de Pueyrredon - Superficie 0 ,5 ha - Bo sque Nativo 34 % - Arbustal/Mator ral 33 Pastizal 33 % - BB.VV. S an Luis Ca pital , DC MCP Sa n Luis, Bri For S an Luí Solidario, B B. PL San Lui s (Cuartel es 2, 4 y 5)"
1/07/2022,Parque Industrial Norte,San Luis,29/06/2022,Extinguido (29/6/2022),"33º 53´ 31,7´´ S","65º 49´ 30,5´´ O",General Pedernera,"- Latitud: 3 3º 53´ 31,7´´ - Longitud: 65º 49´ 30,5´´ - D epto.: General P ederne Superficie 1,0 ha - Arbust al/Matorra l 50 % - Pastizal 5 0 %"
1/07/2022,Ruta 2 Estancia El Triangulo,San Luis,29/06/2022,Extinguido (30/6/2022),"33º 30´ 47,2´´ S","65º 33´ 6,9´´ O",General Pedernera,"- Latitud: 3 3º 30´ 47,2´´ - Longitud: 65º 33´ 6,9´´ - De pto.: General Pe derner Superficie 10,0 ha - Arbus tal/Matorr al 50 % - Pastizal 50 % - BBVV El Fortín"
4/07/2022,El Surfista,San Luis,2/07/2022,Extinguido (02/07/2022),33º 7´ 5´´ S,66º 1´ 3´´ O,Coronel Pringles,"- Latitud: 33º 7´ 5´´ - Lo ngitud: 66º 1´ 3´´ - Depto.: Corone l Pringles - Super fici 1,0 ha - Bosq ue Nativo 3 4 % - Arbusta l/Ma torral 3 3 % - Pa stizal 33 %"
4/07/2022,Camino a La Florida,San Luis,3/07/2022,Extinguido (03/07/2022),"33º 6´ 47,1´´ S","65º 59´ 41,4´´ O",Coronel Pringles,"- Latitud: 33º 6´ 47,1´´ - Longitud: 65º 59´ 41,4´´ - Depto.: Coronel Pringles - Superficie 3,0 h a - Pasti zal 100 %"
4/07/2022,Frente Hospital Ramon Carrillo,San Luis,30/06/2022,Extinguido (01/07/2022),33º 18´ 10´´ S,"66º 16´ 56,8´´ O",Juan Martín de Pueyrredón,"- Latitud: 33º 18´ 10´´ - Longitud: 66º 16´ 56,8´´ - Depto.: Juan Martin de Pueyrredon - Superficie 0,5 ha - Bosque Nativo 34 % - Arbustal/Matorral 33 % - Pastizal 33 % - BB.VV. San Luis Capital, DC MCP San Luis, Bri For San Luis Solidario, BB. PL San Luis (Cuarteles 2, 4 y 5)"
5/07/2022,La Irene,San Luis,5/07/2022,Extinguido (5/7/2022),"34º 20´ 15,1´´ S","66º 15´ 23,8´´ O",General Pedernera," - Latitud: 34º 20´ 15,1´´ - Lo ngitud: 6 6º 15´ 23,8´´ - Depto.: Gener al Pedernera - Superficie 1,1 ha - Pastiz al 1 00 %"
6/07/2022,Saladillo,San Luis,6/07/2022,Activo,"33º 12´ 29,9´´ S","65º 51´ 26,6´´ O",Juan Martín de Pueyrredón,- Depto.: Jua n Ma rtin de Pueyrredon - Bosque Nati vo 34 % - Arbustal/Mato rr 33 % - Pastiza l 33 % - BB.VV. La To m a y Los Moll es
6/07/2022,La Florida,San Luis,6/07/2022,Activo,"33º 7´ 32,5´´ S","66º 3´ 36,2´´ O",Coronel Pringles,- Depto.: Cor onel Pringles - Bosque Na tivo 34 % - Arbustal /Matorral 33 % - Pastizal 33 % - BB VV El Trapiche
7/07/2022,Saladillo,San Luis,6/07/2022,Extinguido,"33º 12´ 29,9´´ S","65º 51´ 26,6´´ O",Coronel Pringles,"Latitud: 33º 12´ 29,9´´ - Longitud: 65º 51´ 26,6´´ - Depto.: Coronel Pringles - (07/07/2022) Superficie 0,3 ha - Bosque Nativo 34 % - Arbustal/Matorral 33 % - Pastizal 33 % - BBVV La Toma"
7/07/2022,La Florida,San Luis,6/07/2022,Controlado,"33º 7´ 32,5´´ S","66º 3´ 36,2´´ O",Coronel Pringles,"Latitud: 33º 7´ 32,5´´ - Longitud: 66º 3´ 36,2´´ - Ptos. de Referencia: Ruta 9 ingreso al Trapiche - Depto.: Coronel Pringles - Bosque Nativo 34 % - Arbustal/Matorral 33 % - Pastizal 33 % - BB.VV. El Trapiche, El Volcan, La Toma, Estancia Grande, Potrero de Los Funes, La Punta, Bri For San Luis Solidario y DC El Trapiche"
7/07/2022,El Bigua,San Luis,7/07/2022,Controlado,"33º 13´ 42,9´´ S","66º 13´ 40,9´´ O",Juan Martín de Pueyrredón,"Latitud: 33º 13´ 42,9´´ - Longitud: 66º 13´ 40,9´´ - Depto.: Juan Martin de Pueyrredon - Bosque Nativo 34 % - Arbustal/Matorral 33 % - Pastizal 33 % - BB.VV. Potrero de los Funes"
7/07/2022,"La Petra, Ruta",San Luis,6/07/2022,Controlado,33º 15´ 17´´ S,"65º 59´ 20,6´´ O",Coronel Pringles,"Latitud: 33º 15´ 17´´ - Longitud: 65º 59´ 20,6´´ - Depto.: Coronel Pringles - 20 KM 35 Bosque Nativo 34 % - Arbustal/Matorral 33 % - Pastizal 33 % - BB.VV. El Volcán, El Morro, La Toma"
7/07/2022,Frente,San Luis,6/07/2022,Extinguido (06/07/2022),"33º 18´ 14,9´´ S","66º 16´ 59,4´´ O",Juan Martín de Pueyrredón,"Latitud: 33º 18´ 14,9´´ - Longitud: 66º 16´ 59,4´´ - Depto.: Juan Martin de HOSPITAL (06/07/2022) Pueyrredon - Superficie 1,0 ha - Arbustal/Matorral 50 % - Pastizal 50 % RAMON CARRILLO 2 "
7/07/2022,Barrio Las Vegas,San Luis,6/07/2022,Extinguido (06/07/2022),"33º 18´ 8,9´´ S",66º 16´ 31´´ O,Juan Martín de Pueyrredón,"Latitud: 33º 18´ 8,9´´ - Longitud: 66º 16´ 31´´ - Depto.: Juan Martin de VEGAS (06/07/2022) Pueyrredon - Superficie 1,0 ha - Arbustal/Matorral 50 % - Pastizal 50 % La presente información corresponde a los incendios reportados diariamente por el Sistema Federal de Manejo del Fuego al Servicio Nacional de Manejo del Fuego. Página 3 de 3"
8/07/2022,"La Petra, Ruta 20 Km 35",San Luis,6/07/2022,Controlado,33º 15´ 17´´ S,"65º 59´ 20,6´´ O",Coronel Pringles,"- Latitud: 33º 15´ 17´´ - Longi tud: 65º 59´ 20,6´´ - Depto. : Coro nel Pring les - Bosque Nativo 34 % - Arbust al/Matorr al 33 % - Pastizal 33 % - BB.VV. El Volcán, El Morro, La Toma"
8/07/2022,El Bigua,San Luis,7/07/2022,Controlado,"33º 13´ 42,9´´ S","66º 13´ 40,9´´ O",Juan Martín de Pueyrredón,"- Latitud: 33º 13´ 42,9´´ - Lon gitud: 6 6º 13´ 40,9´´ - Dept o.: Jua n Martin de Pueyrredon - Bos que Nativo 34 % - A rbustal/Matorral 33 % - P astizal 3 3 % - BB.VV. Potrero d e los Funes"
8/07/2022,La Florida,San Luis,6/07/2022,Extinguido (08/07/2022),"33º 7´ 32,5´´ S","66º 3´ 36,2´´ O",Coronel Pringles,"- Latitud: 33º 7´ 32,5´´ - Longitud: 66º 3´ 36,2´´ - Ptos. de Referencia: Ruta 9 ingreso al Trapiche - Depto.: Coronel Pringles - Bosque Nativo 34 % - Arbustal/Matorral 33 % - Pastizal 33 % - BB.VV. El Trapiche, El Volcan, La Toma, Estancia Grande, Potrero de Los Funes, La Punta, Bri For San Luis Solidario y DC El Trapiche."
8/07/2022,La Molienda,San Luis,7/07/2022,Extinguido (08/07/2022),"32º 34´ 27,6´´ S","65º 10´ 59,4´´ O",Chacabuco,"- Latitud: 32º 34´ 27,6´´ - Longitud: 65º 10´ 59,4´´ - Depto.: C hacabuco Nativo 34 % - Arb ustal/Ma torral 33 % - Past izal 33 % - BB.VV . Concara Larca, Tili sara o y BB PL S an Luis ( Cuar tel 3 )"
11/07/2022,Cerro Tomolasta,San Luis,8/07/2022,Extinguido (9/7/2022),"32º 48´ 26,6´´ S","66º 5´ 14,5´´ O",Coronel Pringles,"- Latitud: 32º 48´ 26,6 ´´ - Lo ngitud : 66º 5´ 14,5´ ´ - De pto.: C oron el Pringle s - Pastizal 100 % - B B.V V. Ca rolina"
11/07/2022,"La Petra, Ruta 20 Km 35",San Luis,6/07/2022,Extinguido (9/7/2022),33º 15´ 17´´ S,"65º 59´ 20,6´´ O",Coronel Pringles,"- Latitud: 33º 15´ 17´´ - L ong itud: 65º 59 ´ 20,6´´ - De pto.: C orone l Pringle s - Bosque Nativo 34 % - Arb us tal/Ma torral 33 % - Pasti zal 33 % - B B.VV. E l Volcán, El Mo rro, La T om a"
11/07/2022,El Bigua,San Luis,7/07/2022,Extinguido (9/7/2022),"33º 13´ 42,9´´ S","66º 13´ 40,9´´ O",Juan Martín de Pueyrredón,"- Latitud: 33º 13´ 42,9´´ - Longitud: 66º 13´ 40,9´´ - Depto.: Juan Martin de Pueyrredon - Bosque Nativo 34 % - Arbustal/Matorral 33 % - Pastizal 33 % - BB.VV. Potrero de los Funes"
11/07/2022,Carpinteria - Los Molles,San Luis,10/07/2022,Contenido,"32º 25´ 50,2´´ S","65º 2´ 2,7´´ O",Junín,"- Latitud: 32º 25´ 50,2´´ - Longitud: 65º 2´ 2,7´´ - Depto.: Junin - Bosque Nativo 34 % - Arbustal/Matorral 33 % - Pastizal 33 % - Bri For SL Solidario, BB.VV. Carpintería, Merlo, Concarán, Tilisarao, Villa Larca, Cortaderas, Papagayos y Santa Rosa de Conlara"
11/07/2022,Paraje La Esquina,San Luis,9/07/2022,Extinguido (9/7/2022),"30º 7´ 23,7´´ S","65º 22´ 24,5´´ O",General Pedernera,"- Latitud: 30º 7´ 23,7´´ - Longitud: 65º 22´ 24,5´´ - Depto.: General Pedernera - Superficie 5,0 ha - Bosque Nativo 34 % - Arbustal/Matorral 33 % - Pastizal 33 %"
11/07/2022,"Ea. La Lucre, Alto Pelado",San Luis,9/07/2022,Extinguido (10/7/2022),33º 50´ 22´´ S,"66º 8´ 10,1´´ O",General Pedernera,"- Latitud: 33º 50´ 22´´ - Longit ud: 6 6º 8´ 10, 1´´ - D epto.: G eneral Peder nera - Superficie 3.000,0 ha - Bosque Nati vo 3 4 % - Arbu stal/Mat orral 33 % - Pastizal 33 % - Bri For SL Solidario, BB . PL San Lui s"
11/07/2022,La Molienda,San Luis,7/07/2022,Extinguido (8/7/2022),"32º 34´ 27,6´´ S","65º 10´ 59,4´´ O",Chacabuco,"- Latitud: 32º 34´ 27,6´´ - Long itud: 65º 10´ 59,4´´ - Depto.: Chacabuco - Bosqu Nativo 34 % - Arb ustal/Matorra l 33 % - Past izal 33 % - BB. VV. Concar an, Villa Larca, Tilisarao y BB PL San L uis ( Cuar tel 3 )"
12/07/2022,Carpinteria - Los Molles,San Luis,10/07/2022,Contenido,"32º 25´ 50,2´´ S","65º 2´ 2,7´´ O",Junín,"- Latitu d: 32º 25´ 50,2´´ - Longitud: 65º 2´ 2 ,7´´ - Depto.: Junin - Bosq 34 % - Arbustal/Matorral 3 3 % - Pas tiza l 33 % - Bri For SL Soli dario, B Carpint ería, Merlo, Conc a rán, Tilisa rao, Vill a Larca, Cortadera s, Papa Santa Rosa de Conlara"
13/07/2022,Establecimient o La Vaca,San Luis,12/07/2022,Controlado,,,Gobernador Dupuy,- Depto.: Gob ern ador Dup uy - Bos que Nativo 34 % - Arb ustal/Matorral 3 3 % - Pastizal 33 % - BB .VV. De Buena Esperanza
13/07/2022,Carpinteria - Los Molles,San Luis,10/07/2022,Controlado,"32º 25´ 50,2´´ S","65º 2´ 2,7´´ O",Junín,"- Latitud: 32º 25´ 50,2´´ - L ongitud : 65º 2´ 2,7´ ´ - Depto.: Junin - Bosque Nativo 34 % - Arbust al/M atorral 33 % - Pa stizal 33 % - Bri For S L Solidario, BB. VV. Carpintería, M erlo , Concar án, Tilis arao, Villa L arca, Corta deras, Papaga yos y Santa Rosa d e Co nlara"
14/07/2022,Establecimient o La Vaca,San Luis,12/07/2022,Extinguido (14/7/2022),,,Gobernador Dupuy,- Depto.: Gobernador Dupuy - Bosque Nativo 34 % - Arbustal/Matorral 33 % - Pastizal 33 % - BB.VV. De Buena Esperanza
14/07/2022,Carpinteria - Los Molles,San Luis,10/07/2022,Contenido,"32º 25´ 50,2´´ S","65º 2´ 2,7´´ O",Junín,"- Latitu d: 32º 25´ 50,2´´ - Longitud: 65º 2´ 2 ,7´´ - Depto.: Junin - Bosque Nativo 34 % - Arbustal/Matorral 3 3 % - Pas tiza l 33 % - Bri For S L Solidario, BB. VV. Carpint ería, Merlo, Conc a rán, Tilisa rao, Vill a Larca, Corta deras, Papaga yos y Santa Rosa de Conlara"
14/07/2022,Campo de Ser Beef,San Luis,14/07/2022,Extinguido (14/7/2022),"33º 25´ 29,8´´ S","65º 55´ 45,9´´ O",Coronel Pringles,"- Latitu d: 33º 25´ 29,8´´ - Longitud: 65º 55´ 45,9´´ - Dept o.: Coronel Prin gles - Pastiza l 100 %"
15/07/2022,Carpinteria,San Luis,10/07/2022,Guardia de cenizas,"32º 25´ 50,2´´ S","65º 2´ 2,7´´ O",Junín,"Latitud: 32º 25´ 50,2´´ - Longitud: 65º 2´ 2,7´´ - Depto.: Junin - Superficie 178,0 LOS MOLLES ha - Bosque Nativo 34 % - Arbustal/Matorral 33 % - Pastizal 33 % - Bri For SL Solidario, BB.VV. Carpintería, Merlo, Concarán, Tilisarao, Villa Larca, Cortaderas, Papagayos y Santa Rosa de Conlara"
15/07/2022,Campo de Ser,San Luis,14/07/2022,Extinguido,"33º 25´ 29,8´´ S","65º 55´ 45,9´´ O",Coronel Pringles,"Latitud: 33º 25´ 29,8´´ - Longitud: 65º 55´ 45,9´´ - Depto.: Coronel Pringles - BEEF (14/07/2022) Pastizal 100 %"
18/07/2022,Carpinteria - Los Molles,San Luis,10/07/2022,Guardia de cenizas,"32º 25´ 50,2´´ S","65º 2´ 2,7´´ O",Junín,"- Latitud: 32º 25´ 50,2´´ - Longitud: 65º 2´ 2,7´´ - Depto.: Junin - Superficie 178,0 ha - Bosque Nativo 34 % - Arbustal/Matorral 33 % - Pastizal 33 % - Bri For SL Solidario, BB.VV. Carpintería, Merlo, Concarán, Tilisarao, Villa Larca, Cortaderas, Papagayos y Santa Rosa de Conlara"
19/07/2022,Carpinteria - Los Molles,San Luis,10/07/2022,Guardia de cenizas,"32º 25´ 50,2´´ S","65º 2´ 2,7´´ O",Junín,"- Latitud: 32º 25´ 50,2´´ - Longitud: 65º 2´ 2,7´´ - Depto.: Junin - Superficie 178,0 ha - Bosque Nativo 34 % - Arbustal/Matorral 33 % - Pastizal 33 % - Bri For SL Solidario, BB.VV. Carpintería, Merlo, Concarán, Tilisarao, Villa Larca, Cortaderas, Papagayos y Santa Rosa de Conlara"
19/07/2022,Potrero de los Funes,San Luis,18/07/2022,Extinguido (18/7/2022),"33º 13´ 23,1´´ S","66º 13´ 28,7´´ O",Juan Martín de Pueyrredón,"- Latitud: 33º 13´ 23,1´ ´ - Longitud: 66 º 13 ´ 28,7´´ - Depto.: Juan Martin de Pueyrredon - Superficie  1,0 ha - Pastiz al 1 00 %"
20/07/2022,Balcarce,San Luis,19/07/2022,Guardia de cenizas,32º 57´ 7´´ S,"65º 5´ 55,8´´ O",General Pedernera,"Latitud: 32º 57´ 7´´ - Longitud: 65º 5´ 55,8´´ - Depto.: General Pedernera - Bosque Nativo 34 % - Arbustal/Matorral 33 % - Pastizal 33 % - BBVV Cortaderas"
20/07/2022,Carpinteria,San Luis,10/07/2022,Guardia de cenizas,"32º 25´ 50,2´´ S","65º 2´ 2,7´´ O",Junín,"Latitud: 32º 25´ 50,2´´ - Longitud: 65º 2´ 2,7´´ - Depto.: Junin - Superficie 178,0 LOS MOLLES ha - Bosque Nativo 34 % - Arbustal/Matorral 33 % - Pastizal 33 % - Bri For SL Solidario, BB.VV. Carpintería, Merlo, Concarán, Tilisarao, Villa Larca, Cortaderas, Papagayos y Santa Rosa de Conlara"
21/07/2022,Balcarce,San Luis,19/07/2022,Guardia de cenizas,32º 57´ 7´´ S,"65º 5´ 55,8´´ O",General Pedernera,"- Latitud: 32º 57´ 7´´ - Longitud: 65º 5´ 55,8´´ - Depto.: General Pedernera - Bosque Nativo 34 % - Arbustal/Matorral 33 % - Pastizal 33 % - BBVV Cortaderas"
21/07/2022,Carpinteria - Los Molles,San Luis,10/07/2022,Guardia de cenizas,"32º 25´ 50,2´´ S","65º 2´ 2,7´´ O",Junín,"- Latitud: 32º 25´ 50,2´´ - Longitud: 65º 2´ 2,7´´ - Depto.: Junin - Superficie 178,0 ha - Bosque Nativo 34 % - Arbustal/Matorral 33 % - Pastizal 33 % - Bri For SL Solidario, BB.VV. Carpintería, Merlo, Concarán, Tilisarao, Villa Larca, Cortaderas, Papagayos y Santa Rosa de Conlara"
22/07/2022,Carpinteria - Los Molles,San Luis,10/07/2022,Extinguido (20/7/2022),"32º 25´ 50,2´´ S","65º 2´ 2,7´´ O",Junín,"- Latitud: 32º 25´ 50,2´´ - Longitud: 65º 2´ 2,7´´ - Depto.: Junin - Superficie 178,0 ha - Bosque Nativo 34 % - Arbustal/Matorral 33 % - Pastizal 33 % - Bri For SL Solidario, BB.VV. Carpintería, Merlo, Concarán, Tilisarao, Villa Larca, Cortaderas, Papagayos y Santa Rosa de Conlara"
22/07/2022,Balcarce,San Luis,19/07/2022,Extinguido (21/7/2022),32º 57´ 7´´ S,"65º 5´ 55,8´´ O",General Pedernera,"- Latitud: 32º 57´ 7´´ - Lo ngitud: 65º 5´ 55,8 ´´ - De pto.: Ge neral Pedernera Bosque Nativo 34 % - Arb ustal/Mato rral 33 % - Pa stizal 33 % - BBVV Cort"
22/07/2022,Frente Hospital Carrillo,San Luis,21/07/2022,Extinguido (21/7/2022),"33º 18´ 4,9´´ S","66º 16´ 59,4´´ O",Juan Martín de Pueyrredón,"- Latitud: 33º 18´ 4,9´´ - L ongitud: 6 6º 1 6´ 5 9, 4´´ - Depto.: Juan Martin de Pueyrredon - Veg etación Otros 100 %"
25/07/2022,Santa Rosa,San Luis,22/07/2022,Extinguido (23/07/2022),"32º 20´ 42,8´´ S","65º 11´ 36,3´´ O",Junín,"- Latitud: 32º 20´ 42,8´´ - Longitud: 65º 11´ 3 6,3´´ - D epto.: Junin - Sup erficie 1,0 ha - Arbustal/ Mato rral 50 % - Pastiz al 50 % - BB.VV. Santa Rosa de C onlara, BB PL San Luís ( Cua rtel N°3)"
1/08/2022,Ruta 146 Km 172,San Luis,30/07/2022,Extinguido (30/7/2022),"32º 43´ 11,6´´ S","66º 19´ 53,5´´ O",Belgrano,"- Latitud: 32º 43´ 11,6´´ - Lo n gitud: 66 º 19´ 53,5 ´´ - Depto .: Belgrano - Arbustal/Mato rral 50 % - Pa st izal 50 %"
2/08/2022,Terraza del Portezuelo,San Luis,1/08/2022,Extinguido (01/08/2022),"33º 18´ 3,5´´ S","66º 17´ 38,9´´ O",Juan Martín de Pueyrredón,"- Latitud: 33º 18´ 3,5´´ - L ongitud: 6 6º 1 7´ 3 8,9´´ - D epto.: Jua n Martin d e Pueyrredon - Bos que Nati vo 34 % - Arb usta l/Mato rr al 33 % - Pastizal 3 3 %"
2/08/2022,Barrio San Luis XIV,San Luis,1/08/2022,Extinguido (02/08/2022),33º 19´ 21´´ S,"66º 20´ 7,6´´ O",Juan Martín de Pueyrredón,"- Latitud: 33º 19´ 21´´ - L ongitud: 6 6º 2 0´ 7, 6´´ - D e pto.: Juan Martin de Pueyrredon - Sup erficie 1 ,0 ha - Bo sque Na tivo 34  % - Arbust al/Matorra l 33 % - Pastizal 33 % - Br i For Sa n Luis Sol idar io, B B.VV S an Luis Ca pital, DC Capital."
3/08/2022,"San Martin, Las Chacras",San Luis,1/08/2022,Activo,"32º 23´ 48,4´´ S","65º 55´ 41,9´´ O",Ayacucho,"- Latitud: 32º 23´ 48,4´´ - Longitud: 65º 55´ 41,9´´ - Depto.: Ayacucho - Superficie 1,0 ha - Bosque Nativo 34 % - Arbustal/Matorral 33 % - Pastizal 33 % - BBVV Lujan. SNMF: 1 helicóptero"
5/08/2022,"San Martin, Las Chacras",San Luis,1/08/2022,Activo,"32º 23´ 48,4´´ S","65º 55´ 41,9´´ O",Ayacucho,"- Latitud: 32º 23´ 48,4 ´´ - Lon gitud: 65 º 55´ 41,9´´ - Depto.: Ayacucho - Superficie 1,0 ha - Bosq ue Nativ o 34 % - Arbust al/Matorral 33 % - Pas tizal 33 % - BBVV Lujan. SNMF: 1 helicó ptero"
8/08/2022,"San Martin, Las Chacras",San Luis,1/08/2022,Extinguido (7/8/2022),"32º 23´ 48,4´´ S","65º 55´ 41,9´´ O",Ayacucho,"- Latitud: 32º 23´ 48,4´´ - Longitud: 65º 55´ 41,9´´ - Depto.: Ayacucho - Superficie 200,0 ha - Bosque Nativo 34 % - Arbustal/Matorral 33 % - Pastizal 33 % - BBVV Lujan. SNMF: 1 helicóptero"
16/08/2022,San Martin,San Luis,14/08/2022,Extinguido (14/08/2022),"32º 28´ 22,4´´ S","65º 37´ 23,9´´ O",Libertador General San Martín,"- Latitud: 32º 28´ 22,4´´ - Longitud: 6 5º 37´ 2 3,9´´ - D epto.: Libertad or General San Martin - Supe rficie 0, 5 ha - Bosq ue Nativ o 34 % - Arbustal/Mat orra l 33 % - Pastizal 33 %"
16/08/2022,500 Viviendas Norte,San Luis,14/08/2022,Extinguido (14/08/2022),"33º 16´ 32,5´´ S","66º 22´ 1,7´´ O",Juan Martín de Pueyrredón,"- Latitud: 33º 16´ 32,5´´ - L ongitud: 66º 22´ 1,7´ ´ - Depto.: Juan Mar tin de Pueyrredon - Bos que Nativ o 34 % - Arbustal/Ma to rral 33 % - Pastiz al 33 %"
16/08/2022,Murallon de Nogoli,San Luis,12/08/2022,Extinguido (15/08/2022),32º 55´ 47´´ S,66º 19´ 37´´ O,Belgrano,"- Latitud: 32º 55´ 47´´ - Lo ngitud: 66º 19´ 37´´ - De pto.: Be lgrano - S uperficie 3,0 ha - Bosque Nativ o 34 % - Arbustal/Matorral 33 % - Pastiz al 33 % - BB.VV. Vil la de La Quebrada"
16/08/2022,Cabeza de Novillo,San Luis,14/08/2022,Extinguido (15/08/2022),32º 26´ 42´´ S,65º 23´ 1´´ O,Junín,"- Latitud: 32º 26´ 42´´ - Lo ngitud: 65º 23´ 1´´ - P to s. de Re ferencia: Camino a Rincon del Carme n - Depto .: Junin - Superficie 10, 0 ha - B osque Na tivo 34 % - Arbustal/Matorral 33 % - P astizal 33 % - BB.VV . S anta Rs a de Con lara y BB. PL San Luís (Cuartel N°3)"
16/08/2022,Ruta 40,San Luis,14/08/2022,Extinguido (14/08/2022),32º 45´ 59´´ S,65º 21´ 57´´ O,Chacabuco,- Latitud: 32º 45´ 59´´ - Lo ngitud: 65º 21´ 57´´ - Pt os. de R eferencia : Hacia Potrerillo - Depto. : Chacab uco - Bosque Nativo 34 % - Arb ustal/Mat orral 33 % - Pastizal 33 %
16/08/2022,Campo Las Bolas de Oro,San Luis,11/08/2022,Extinguido (14/08/2022),"35º 52´ 38,9´´ S","66º 26´ 55,9´´ O",Gobernador Dupuy,"- Latitud: 35º 52´ 38,9´´ - L ongitud: 66º 26´ 55,9 ´´ - Depto. : Goberna dor Dupu y - Bosque Nativo 34 % - Arbu stal/Matorral 33 % - Pa stizal 33 % - BBV V Unión"
16/08/2022,Balde La Isla,San Luis,12/08/2022,Extinguido (15/08/2022),33º 7´ 18´´ S,"65º 57´ 52,9´´ O",Coronel Pringles,"- Latitud: 33º 7´ 1 8´´ - Lon gitud: 65º 57´ 52,9´´ - D epto.: C oronel Pri ngles - Superficie 10,0 ha - Bosqu e Nativo 34 % - Arbu sta l/Matorr al 33 % - Pastizal 3 3 % - BB.VV. Villa d e La Que brada"
17/08/2022,Campo de Vallejos (Las Higueritas),San Luis,16/08/2022,Activo,32º 39´ 59´´ S,66º 14´ 31´´ O,Belgrano,"- Depto.: Belgran o - Bos que Nati v o 34 % - Arb ustal/Mato rral 33 % - Pasti zal 33 % - BB.VV. La Pu nta, Lo s Manan ti ales y BB. P L San Luis"
17/08/2022,La Estrechura,San Luis,16/08/2022,Extinguido (16/08/2022),33º 13´ 35´´ S,"66º 9´ 55,4´´ O",Coronel Pringles,"- Latitud: 33º 13´ 35´´ - L ongitud: 6 6º 9 ´ 55,4´´ - Ptos. de Referencia: Cer ca del Monolito - Depto.: Coron el Pringl e s - Su perficie 180,0 ha - Bosque Nativo 34 % Arbustal/Matorral 33 % - Pastizal 3 3 %"
18/08/2022,Campo de Vallejos (Las Higueritas),San Luis,16/08/2022,Activo,32º 39´ 59´´ S,66º 14´ 31´´ O,Belgrano,"- Depto.: Belgrano - Bosque Nativo 34 % - Arbustal/Matorral 33 % - Pastizal 33 % - BB.VV. La Punta, Los Manantiales y BB. PL San Luis"
19/08/2022,Campo de Vallejos (Las Higueritas),San Luis,16/08/2022,Activo,32º 39´ 59´´ S,66º 14´ 31´´ O,Belgrano,"- Depto.: Belgran o - Bosque Nativo 3 4 % - Arbust al/Matorr al 33 % - P astizal 33 % - BB.VV. La Pu nta, Los Ma nantiale s y BB. PL S an Luis"
19/08/2022,La Estrechura,San Luis,16/08/2022,Extinguido (16/08/2022),33º 13´ 35´´ S,"66º 9´ 55,4´´ O",Coronel Pringles,"- Latitud: 33º 13´ 35´´ - Longi tud: 66º 9´ 55,4´´ - P tos. de R eferencia: C erca del Monolito - Depto.: Coronel Pri ngles - Superficie 18 0,0 ha - Bosque Nat ivo 34 % Arbustal/Matorral 33 % - Past izal 33 %"
22/08/2022,Campo de Vallejos (Las Higueritas),San Luis,16/08/2022,Extinguido (19/8/2022),32º 39´ 59´´ S,66º 14´ 31´´ O,Belgrano,"- Latitud: 32º 39´ 59´´ - Longitud: 66º 14´ 31´´ - Depto.: Belgrano - Bosque Nativo 34 % - Arbustal/Matorral 33 % - Pastizal 33 % - BB.VV. La Punta, Los Manantiales y BB. PL San Luis"
22/08/2022,El Ceibo,San Luis,19/08/2022,Controlado,32º 19´ 58´´ S,"65º 13´ 10,7´´ O",Chacabuco,"- Latitud: 32º 19´ 58´´ - Longitud: 65º 13´ 10,7´´ - Ptos. de Referencia: Ruta 23 y Ruta 5 - Depto.: Chacabuco - Bosque Nativo 34 % - Arbustal/Matorral 33 % - Pastizal 33 % - BB.VV. Santa Rosa de Conlara y BB.PL San Luís (Cuartel N°3)"
22/08/2022,Escuela La Punilla,San Luis,21/08/2022,Contenido,32º 59´ 35´´ S,65º 8´ 12´´ O,Chacabuco,- Latitud: 32º 59´ 35´´ - Longitud: 65º 8´ 12´´ - Depto.: Chacabuco - Bosque Nativo 50 % - Pastizal 50 % - BB.VV. El Morro
23/08/2022,El Ceibo,San Luis,19/08/2022,Extinguido (22/8/2022),32º 19´ 36´´ S,65º 2´ 31´´ O,Junín,- Latitud: 32º 19´ 36´´ - Longitud: 65º 2´ 31´´ - Ptos. de Referencia: Ruta 23 y Ruta 5 - Depto.: Junin - Bosque Nativo 34 % - Arbustal/Matorral 33 % - Pastizal 33 % - BB.VV. Santa Rosa de Conlara y BB.PL San Luís (Cuartel N°3)
23/08/2022,Escuela La Punilla,San Luis,21/08/2022,Extinguido (22/8/2022),32º 59´ 35´´ S,65º 8´ 12´´ O,General Pedernera,- Latitud: 32º 59´ 35´´ - Longitud: 65º 8´ 12´´ - Depto.: General Pedernera - Bosque Nativo 50 % - Pastizal 50 % - BB.VV. El Morro
25/08/2022,Barrio El Rosedal,San Luis,24/08/2022,Extinguido (24/8/2022),"32º 18´ 58,2´´ S","65º 3´ 42,7´´ O",Junín,"- Latitud: 32º 18´ 58,2´´ - Longitud: 65º 3´ 42,7´´ - Depto.: Junin - Bosque Nativo 34 % - Arbustal/Matorral 33 % - Pastizal 33 % - Personal Bomb: 20"
25/08/2022,Piedra Blanca,San Luis,24/08/2022,Extinguido (24/8/2022),"32º 21´ 20,4´´ S","65º 1´ 56,4´´ O",Junín,"- Latitud: 32º 21´ 20,4´´ - Longitud: 65º 1´ 56,4´´ - Ptos. de Referencia: Abajo del Algarrobo Abuelo - Depto.: Junin - Bosque Nativo 34 % - Arbustal/Matorral 33 % - Pastizal 33 % - Personal Bomb: 20"
25/08/2022,Autopista 55 Km 808,San Luis,24/08/2022,Contenido,33º 15´ 39´´ S,"65º 29´ 32,3´´ O",General Pedernera,"- Latitud: 33º 15´ 39´´ - Longitud: 65º 29´ 32,3´´ - Depto.: General Pedernera - Superficie 100,0 ha - Pastizal 100 % - BB.VV. La Toma, El Morro, BB. PL San Luís (Cuartel N° 6)"
26/08/2022,El Volcan (Monolito),San Luis,25/08/2022,Extinguido (26/8/2022),"33º 13´ 36,6´´ S","66º 11´ 0,9´´ O",Juan Martín de Pueyrredón,"- Latitud: 33º 13´ 36,6´´ - Longitud: 66º 11´ 0,9 ´´ - Depto.: Juan Marti n de Pueyrredon - Sup erficie 0 ,5 ha - Arb ust al/Mato rral 50 % - Vegetación Otros 50 %"
26/08/2022,NE Santa Rosa,San Luis,25/08/2022,Extinguido (25/8/2022),32º 38´ 47´´ S,65º 11´ 28´´ O,Junín,- Latitud: 32º 38´ 47´´ - Lo ngitud: 65 º 1 1´ 28´´ - De pto.: Ju nin - Bosqu e Nativo 3 % - Arbustal/M ato rral 33 % - Pastiza l 33 % - P erso nal Bo mb: 12
26/08/2022,Pje. Cañada Los Polos,San Luis,25/08/2022,Extinguido (26/8/2022),"32º 19´ 45,7´´ S","65º 11´ 44,9´´ O",Junín,"- Latitud: 32º 19´ 45,7´´ - Lo ngitud: 65º 11 ´ 44 ,9´´ - Depto.: Junin - Superficie ha - Pastizal 100 % - Person al Bomb: 12"
26/08/2022,Autopista 55 Km 808,San Luis,24/08/2022,Extinguido (25/8/2022),33º 15´ 39´´ S,"65º 29´ 32,3´´ O",General Pedernera,"- Latitud: 33º 15´ 39´´ - Long itud: 65º 29´ 32,3 ´´ - Depto.: G eneral Pedernera Superficie 150,0 h a - Pastiza l 100 % - BB. VV. La Toma, El Morro, BB. PL Sa Luís (Cuartel N° 6 )"
29/08/2022,Campo del Retazo del Monte,San Luis,27/08/2022,Extinguido (27/08/2022),32º 58´ 17´´ S,"65º 27´ 24,4´´ O",General Pedernera,"- Latitud: 32º 58´ 17´´ - Longi tud: 65º 27´ 24,4 ´´ - Dept o.: General Pedernera Superficie 1,0 ha - Bosque N ativo 34 % - Arbu stal/Mat orral 33 % - Pastizal 3"
29/08/2022,Calle Santa Cruz,San Luis,27/08/2022,Extinguido (27/08/2022),"34º 45´ 45,8´´ S","65º 37´ 56,1´´ O",Gobernador Dupuy,"- Latitud: 34º 45´ 45,8´´ - Lon gitud: 65 º 37´ 56 ,1´´ - Pt os. de Refer encia: Por Autopista N°55 K m 848 - Dep to.: Gob ernador Dupuy - Bosque Na tivo 34 % - Arbustal/Matorral 33 % - Past izal 33 %"
29/08/2022,Planta Piscu Yacu,San Luis,27/08/2022,Controlado,32º 43´ 3´´ S,65º 30´ 0´´ O,Libertador General San Martín,"- Latitud: 32º 43´ 3´´ - Longitud: 65º 30´ 0´´ - Ptos. de Referencia: Por Ruta N°40, hacia Potrerillos - Depto.: Libertador General San Martin - Bosque Nativo 34 % - Arbustal/Matorral 33 % - Pastizal 33 % - BB.VV. Renca y Concarán"
29/08/2022,Ruta 5 a 15 Km de Tilisarao,San Luis,27/08/2022,Contenido,32º 44´ 50´´ S,65º 16´ 48´´ O,Chacabuco,"- Latitud: 32º 44´ 50´´ - Longi tud: 65º 16´ 48´´ - Depto. : Chacabuc o - Bosque Nativo 34 % - Arb ustal/Matorr al 33 % - Pastiza l 33 % - BB.VV. Re nca, Conca San Pablo, Tilisar ao y Nasch el"
29/08/2022,Las Chacras,San Luis,28/08/2022,Extinguido (28/08/2022),"33º 32´ 10,3´´ S",66º 34´ 59´´ O,Coronel Pringles,"- Latitud: 33º 32´ 10,3´´ - Lon gitud: 66 º 34´ 59 ´´ - Dept o.: Coronel Pringles - Superficie 10,0 ha - Bosque N ativo 34 % - Arb ustal/Ma torral 33 % - Pastizal"
29/08/2022,Camino a San Miguel,San Luis,27/08/2022,Extinguido (29/08/2022),"32º 2´ 24,4´´ S",65º 48´ 59´´ O,Ayacucho,"- Latitud: 32º 2´ 2 4,4´´ - L ongitud: 6 5º 48´ 5 9´´ - Ptos. de Re fer enc ia: Por Ruta N°79 (Entre Cand elaria y Quines) - Depto.: Ayacucho - Bosq ue Na tivo 50 % - Pastizal 50 % - B B.VV. Q uines, Luj an, Lafin ur y Los Cajones"
30/08/2022,Ruta 5 a 15 Km de Tilisarao,San Luis,27/08/2022,Extinguido (29/8/2022),32º 44´ 50´´ S,65º 16´ 48´´ O,Chacabuco,"- Latitud: 32º 4 4´ 50´´ - Lo ngitud: 65º 16´ 48´´ - Dep to.: Chaca buco - Sup 400,0 ha - Bos que Nativo 34 % - Arbu stal/Matorral 33 % - Past izal 33 % Renca, Conca rán, San Pa blo, Tilisara o y Naschel"
30/08/2022,Los Molles,San Luis,29/08/2022,Controlado,"33º 5´ 48,5´´ S","66º 17´ 12,1´´ O",Juan Martín de Pueyrredón,"- Latitud: 33º 5 ´ 48,5´´ - L ongitud: 66º 17´ 12,1´´ - P tos. de Ref erencia: A Mayo Km 23 - Depto.: Jua n Martin de Pueyrredon - Superficie 2,0 ha - B Nativo 34 % - Arbustal/Ma torral 33 % - Pastizal 33 % - BB.VV. Villa de la Quebrada"
30/08/2022,Planta Piscu Yacu,San Luis,27/08/2022,Extinguido (29/8/2022),32º 43´ 3´´ S,65º 30´ 0´´ O,Libertador General San Martín,"- Latitud: 32º 4 3´ 3´´ - Lon gitud: 65º 3 0´ 0´´ - Ptos. de Referen cia: Por R N°40, hacia Po trerillos - D epto.: Libert ador General San Martin - Bosque 34 % - Arbusta l/Matorral 3 3 % - Pastiz al 33 % - BB. VV. Renca y Concará"
31/08/2022,Ruta 40,San Luis,30/08/2022,Contenido,32º 43´ 3´´ S,65º 29´ 42´´ O,Junín,"- Latitud: 32º 43´ 3´´ - Longitud: 65 º 29´ 42 ´´ - Dep to.: Junin - Pastizal 10 0 % - BB.VV. R enca , San Pablo, Concar án y BB . PL Sa n Luis (Cuartel N°3)"
31/08/2022,Los Molles,San Luis,29/08/2022,Controlado,"33º 5´ 48,5´´ S","66º 17´ 12,1´´ O",Juan Martín de Pueyrredón,"- Latitud: 33º 5´ 48,5´´ - Longitud: 66º 17´ 12,1´´ - Ptos. de Referencia: A U 25 Mayo Km 23 - Depto.: Juan Martin de Pue yrredon - Superficie 2,0 ha - Bo sque Nativo 34 % - Arbustal/Matorral 33 % - Pa stizal 33 % - BB.VV. Villa de la Quebrada"
1/09/2022,Ruta 40,San Luis,30/08/2022,Contenido,32º 43´ 3´´ S,65º 29´ 42´´ O,Junín,"- Latitud: 32º 43´ 3´´ - Long itud: 65º 29´ 42´´ - Depto.: Junin - P astizal 10 0 % - BB.VV. Renca, S an P ablo, Concarán y B B. PL San Lu is (Cuart el N°3)"
1/09/2022,Ruta 20,San Luis,31/08/2022,Contenido,"32º 8´ 48,6´´ S","65º 34´ 39,9´´ O",Ayacucho,"- Latitud: 32º 8´ 4 8,6´´ - L on gitud: 65º 34´ 39,9´´ - Ptos. de Refer en cia: Camin Villa Dolores - De pto.: Ay ac ucho - Sup erficie 2,0 h a - Bosq ue Nat ivo 34 % - Arbustal/Matorral 33 % - P a stizal 3 3 % - BB.VV. Q uines y Lafinur"
1/09/2022,Los Molles,San Luis,29/08/2022,Extinguido (31/08/2022),"33º 5´ 48,5´´ S","66º 17´ 12,1´´ O",Juan Martín de Pueyrredón,"- Latitud: 33º 5´ 4 8,5´´ - L on gitud: 66º 17´ 12,1´´ - Ptos. de Refer en cia: AU 25 Mayo Km 23 - De pto.: Jua n Martin de Pueyrredon - Super ficie 2,0 h a - Bosque Nativo 34 % - Arb ustal/Ma to rral 33 % - Pastizal 33 % - BB .VV. Vil la de la Quebrada"
1/09/2022,El Monolito,San Luis,31/08/2022,Activo,"33º 13´ 49,1´´ S","66º 10´ 56,7´´ O",Juan Martín de Pueyrredón,"- Latitud: 33º 13´ 49,1´´ - Lo ngitud: 66 º 10´ 56,7´´ - Depto. : Juan Ma rtin de Pueyrredon - Sup erficie 4 0, 0 ha - B os que Nativo 5 0 % - P astizal 50 % - BB.VV Estancia Grande, El Volc an, Trapic he, Potrero de Los Fun es, Bri Fo r S an Luis Solidario y BB. PL San Lu is"
1/09/2022,Camino de Tierra hacia Naschel,San Luis,30/08/2022,Extinguido (30/08/2022),"32º 54´ 36,3´´ S","65º 22´ 54,8´´ O",Libertador General San Martín,"- Latitud: 32º 54´ 36,3´´ - Lo ngitud: 65 º 22´ 54,8´´ - Ptos. d e Refe re nci a: Por R 2 - Depto.: San M artin - S up erficie 30, 0 ha - Bosqu e Nativ o 34 % - Arbustal/Matorral 33 % - P a stizal 3 3 %"
1/09/2022,Antes de Llegar al Monolito,San Luis,30/08/2022,Extinguido (30/08/2022),"33º 14´ 21,7´´ S","66º 10´ 49,4´´ O",Junín,"- Latitud: 33º 14´ 21,7´´ - Lo ngitud: 66 º 10´ 49,4´´ - Depto. : Junin - Sup erficie 10,0 ha - Bosque Nativo 5 0 % - Pa stiz al 50 %"
5/09/2022,Las Chacras,San Luis,3/09/2022,Controlado,"32º 44´ 45,9´´ S","65º 50´ 26,7´´ O",Libertador General San Martín,"- Ptos. de Refere ncia: P asando Potrerillos - D epto.: S an Mart in - Bosque Nativo 34 % - Arbustal/M atorral 33 % - Pastizal 33 % - BB.VV . Renc a, Concarán y San Pablo"
5/09/2022,Madre Teresa de Calcuta,San Luis,3/09/2022,Controlado,"33º 15´ 10,3´´ S","66º 10´ 56,1´´ O",Juan Martín de Pueyrredón,"- Latitud: 33º 15´ 10,3´´ - Longitu d: 66º 10´ 56 ,1´´ - Pto s. de R eferencia: P or Ruta 1, antes de l legar a Villa de l Carmen - De pto.: Ju an Mart in de Pueyrr edon - Pastizal 100 % - B BVV e l Volcán"
5/09/2022,El Monolito,San Luis,31/08/2022,Extinguido (1/9/2022),"33º 13´ 49,1´´ S","66º 10´ 56,7´´ O",Juan Martín de Pueyrredón,"- Latitud: 33º 13´ 49,1´´ - Longitud: 66º 10´ 56,7´´ - Depto.: Juan Martin de Pueyrredon - Superficie 40,0 ha - Bosque Nativo 50 % - Pastizal 50 % - BB.VV. Estancia Grande, El Volcan, Trapiche, Potrero de Los Funes, Bri For San Luis Solidario y BB. PL San Luis"
5/09/2022,Estancia La Pampita,San Luis,2/09/2022,Controlado,32º 49´ 13´´ S,65º 37´ 37´´ O,Coronel Pringles,"- Latitud: 32º 49´ 13´´ - Longitud: 65º 37´ 37´´ - Ptos. de Referencia: Por Ruta 2, entre La Toma y Paso Grande - Depto.: Coronel Pringles - Superficie 350,0 ha - Bosque Nativo 34 % - Arbustal/Matorral 33 % - Pastizal 33 % - BB.VV. Tilisarao, Renca, La Toma, Naschel, BB. PL San Luis"
5/09/2022,Ruta 40,San Luis,30/08/2022,Extinguido (31/8/2022),32º 43´ 3´´ S,65º 29´ 42´´ O,Junín,"- Latitud: 32º 43´ 3´´ - Longitud: 65º 29´ 42´´ - Depto.: Junin - Pastizal 100 % - BB.VV. Renca, San Pablo, Concarán y BB. PL San Luis (Cuartel N°3)"
5/09/2022,Ruta 20,San Luis,31/08/2022,Extinguido (1/9/2022),"32º 8´ 48,6´´ S","65º 34´ 39,9´´ O",Ayacucho,"- Latitud: 32º 8´ 48,6´´ - Longitud: 65º 34´ 39,9´´ - Ptos. de Referencia: Camino a Villa Dolores - Depto.: Ayacucho - Superficie 2,0 ha - Bosque Nativo 34 % - Arbustal/Matorral 33 % - Pastizal 33 % - BB.VV. Quines y Lafinur"
6/09/2022,Estancia La Pampita,San Luis,2/09/2022,Controlado,32º 49´ 13´´ S,65º 37´ 37´´ O,Coronel Pringles,"- Latitud: 32º 49´ 13´´ - Longitud: 65º 37´ 37 ´´ - Ptos. de Referencia: Por Rut a 2, entre La Toma y P aso G rande - Depto.: Cor onel Pringle s - Superficie 35 0,0 h a - Bosque Nativo 34 % - Ar bustal/Matorral 33 % - Pastizal 33 % - BB.VV. T ilisa rao, Renca, La Toma, Nas ch el, BB. PL San Luis"
6/09/2022,Las Chacras,San Luis,3/09/2022,Extinguido (05/09/2022),"32º 44´ 45,9´´ S","65º 50´ 26,7´´ O",Libertador General San Martín,"- Latitud: 32º 44´ 45,9 ´´ - Longitud: 65º 50´ 26,7´´ - Ptos . de Referencia: Pas ando Potrerillos - Depto .: Sa n Martin - Bosque Na tivo 34 % - Arbustal/Matorral 33 % - Pastizal 33 % - B B.VV . Renca, Concarán y San Pablo"
6/09/2022,Madre Teresa de Calcuta,San Luis,3/09/2022,Extinguido (05/09/2022),"33º 15´ 10,3´´ S","66º 10´ 56,1´´ O",Juan Martín de Pueyrredón,"- Latitud: 33º 15´ 10,3 ´´ - Longitud: 66º 10´ 56,1´´ - Ptos . de Referencia: Por Ruta 1, antes de llegar a Vil la del Carmen - Dept o.: Juan Mar tin de Pueyrredo n - Pastizal 100 % - B BVV e l Volcán"
6/09/2022,Alto Pelado y Estancia La Moneda,San Luis,3/09/2022,Controlado,"33º 50´ 14,59´´ S","66º 7´ 45,21´´ O",Juan Martín de Pueyrredón,"Latitud: 33º 50´ 14,59´´ - Longitud: 66º 7´ 45,21´´ - Ptos. de Referencia: Por ESTANCIA LA Ruta 11, cerca de las vïas del tren - Depto.: Juan Martin de Pueyrredon - MONEDA Superficie 800,0 ha - Bosque Nativo 34 % - Arbustal/Matorral 33 % - Pastizal 33 % - BB. PL San Luis (Cuartel 1)"
6/09/2022,La Perla,San Luis,5/09/2022,Activo,"35º 29´ 21,5´´ S","65º 50´ 26,7´´ O",General Pedernera,"Latitud: 35º 29´ 21,5´´ - Longitud: 65º 50´ 26,7´´ - Ptos. de Referencia: Atrás del Campo Don Roberto - Depto.: General Pedernera - Bosque Nativo 34 % - Arbustal/Matorral 33 % - Pastizal 33 % - BB.VV. Justo Daract y Batavia"
6/09/2022,La Isleta,San Luis,5/09/2022,Activo,"35º 27´ 45,5´´ S","65º 24´ 48,7´´ O",General Pedernera,"Latitud: 35º 27´ 45,5´´ - Longitud: 65º 24´ 48,7´´ - Ptos. de Referencia: Por Ruta 1, antes de llegar a Villa del Carmen - Depto.: General Pedernera - Pastizal 100 % - BB.VV. El Fortín"
6/09/2022,Parque,San Luis,3/09/2022,Extinguido (03/09/2022),"33º 19´ 7,8´´ S",66º 22´ 34´´ O,Juan Martín de Pueyrredón,"Latitud: 33º 19´ 7,8´´ - Longitud: 66º 22´ 34´´ - Ptos. de Referencia: Al Norte de INDUSTRIAL (03/09/2022) Calle 1, pasando la fabrica de Palmolive al fondo - Depto.: Juan Martin de Pueyrredon - Bosque Nativo 34 % - Arbustal/Matorral 33 % - Pastizal 33 % "
7/09/2022,Ruta 10 y 1,San Luis,5/09/2022,Controlado,"33º 5´ 50,2´´ S",65º 25´ 21´´ O,Chacabuco,"- Latitud: 33º 5´ 50,2´´ - Longitud: 65º 25´ 21´´ - Ptos. de Referencia: Entre Renca y Potrerillos - Depto.: Chacabuco - BB.VV. El Morro"
7/09/2022,La Isleta,San Luis,5/09/2022,Activo,"35º 27´ 45,5´´ S","65º 24´ 48,7´´ O",General Pedernera,"- Latitud: 35º 27´ 45,5´´ - Longitud: 65º 24´ 48,7´´ - Ptos. de Referencia: Por Ruta 1, antes de llegar a Villa del Carmen - Depto.: General Pedernera - Pastizal 100 % - BB.VV. El Fortín, Batavia y Justo Daract"
7/09/2022,La Perla,San Luis,5/09/2022,Activo,"35º 29´ 21,5´´ S","65º 50´ 26,7´´ O",General Pedernera,"- Latitud: 35º 29´ 21,5´´ - Longitud: 65º 50´ 26,7´´ - Ptos. de Referencia: Atrás del Campo Don Roberto - Depto.: General Pedernera - Bosque Nativo 34 % - Arbustal/Matorral 33 % - Pastizal 33 % - BB.VV. Justo Daract y Batavia"
7/09/2022,Anchorena al Norte,San Luis,5/09/2022,Activo,"35º 48´ 9,3´´ S","65º 40´ 9,5´´ O",Gobernador Dupuy,"- Latitud: 35º 48´ 9,3´´ - Longitud: 65º 40´ 9,5´´ - Depto.: Gobernador Dupuy - Superficie 6,0 ha - Arbustal/Matorral 50 % - Pastizal 50 % - BBVV"
7/09/2022,Estancia La Pampita,San Luis,2/09/2022,Extinguido (6/9/2022),32º 49´ 13´´ S,65º 37´ 37´´ O,Coronel Pringles,"- Latitud: 32º 49´ 13´´ - Longitud: 65º 37´ 37´´ - Ptos. de Referencia: Por Ruta 2, entre La Toma y Paso Grande - Depto.: Coronel Pringles - Superficie 350,0 ha - Bosque Nativo 34 % - Arbustal/Matorral 33 % - Pastizal 33 % - BB.VV. La Toma,Tilisarao, Naschel, Renca y BB. PL San Luís (Cuartel 6 - La Toma)"
7/09/2022,Alto Pelado y Estancia La Moneda,San Luis,3/09/2022,Controlado,"33º 50´ 14,59´´ S","66º 7´ 45,21´´ O",Juan Martín de Pueyrredón,"- Latitud: 33º 50´ 14,59´´ - Longitud: 66º 7´ 45,21´´ - Ptos. de Referencia: Por Ruta 11, cerca de las vïas del tren - Depto.: Juan Martin de Pueyrredon - Superficie 800,0 ha - Bosque Nativo 34 % - Arbustal/Matorral 33 % - Pastizal 33 % - BB. PL San Luis (Cuartel 1)"
8/09/2022,Ruta 23,San Luis,7/09/2022,Contenido,"32º 17´ 4,4´´ S","65º 13´ 38,2´´ O",Chacabuco,"- Latitud: 32º 17´ 4,4´´ - L on gitud: 65º 13´ 38,2 ´´ - Depto. : Chacabuco - Bosque Nativo 34 % - Arb ustal/Ma tor ral 33 % - Pastiza l 33 % - B B.VV. Santa Rosa"
8/09/2022,Barrio 100 Viviendas,San Luis,8/09/2022,Contenido,30º 10´ 5´´ S,66º 18´ 14´´ O,Juan Martín de Pueyrredón,- Latitud: 30º 10´ 5´´ - Lon gi tud: 66º 18´ 14´´ - Depto.: Ju an Martin de Pueyrredon - Bos que Nati vo 34 % - Arbustal/M atorral 33 % - Pastizal 33 % - BB.VV. La Punta
8/09/2022,Ruta 39 VIP,San Luis,7/09/2022,Controlado,"33º 6´ 49,3´´ S","66º 3´ 6,7´´ O",Juan Martín de Pueyrredón,"- Latitud: 33º 6´ 4 9,3´´ - L on gitud: 66º 3´ 6,7´´ - Ptos. de Referencia: Reserva d Flora y Fauna - D epto.: Ju an Martin de Pueyrr edon - Bos que Nativo 3 4 % - Arbustal/Matorral 33 % - P as tizal 33 % - BB.V V. Trapich e, El Volcán, Estancia Grande y Carolina , DC M CP P Trapiche"
8/09/2022,Renca San Felipe,San Luis,7/09/2022,Contenido,"32º 47´ 32,7´´ S","65º 27´ 23,5´´ O",Chacabuco,"- Latitud: 32º 47´ 32,7´´ - Lo ngitud: 65º 27´ 23 ,5´´ - Ptos. de Referenc ia: Camp Las Marías, atrás del diqu e San felipe - Depto. : Chacabu co - Bosque Nativo 34 % - Arbustal/Mato rral 33 % - Pastizal 33 % - B B.VV. Ren ca"
8/09/2022,Anchorena al Norte,San Luis,5/09/2022,Activo,"35º 48´ 9,3´´ S","65º 40´ 9,5´´ O",Gobernador Dupuy,"- Latitud: 35º 48´ 9,3´´ - Longitud: 65º 40´ 9,5´´ - Depto.: Gobernador Dupuy - Superficie 6,0 ha - Arbustal/Matorral 50 % - Pastizal 50 % - BBVV"
8/09/2022,Los Molles,San Luis,6/09/2022,Extinguido (06/09/2022),32º 25´ 30´´ S,65º 2´ 25´´ O,Junín,"Latitud: 32º 25´ 30´´ - Longitud: 65º 2´ 25´´ - Depto.: Junin - Superficie 6,0 ha - (06/09/2022) Bosque Nativo 34 % - Arbustal/Matorral 33 % - Pastizal 33 %"
8/09/2022,Ruta 27 y 43,San Luis,6/09/2022,Extinguido (06/09/2022),34º 13´ 16´´ S,65º 34´ 15´´ O,Gobernador Dupuy,"Latitud: 34º 13´ 16´´ - Longitud: 65º 34´ 15´´ - Ptos. de Referencia: Entre (06/09/2022) Estancia La Roca y Travesía - Depto.: Gobernador Dupuy - Superficie 6,0 ha - Bosque Nativo 34 % - Arbustal/Matorral 33 % - Pastizal 33 %"
8/09/2022,Alto Pelado y Estancia La Moneda,San Luis,3/09/2022,Extinguido (08/09/2022),"33º 50´ 14,59´´ S","66º 7´ 45,21´´ O",Juan Martín de Pueyrredón,"Latitud: 33º 50´ 14,59´´ - Longitud: 66º 7´ 45,21´´ - Ptos. de Referencia: Por ESTANCIA LA (08/09/2022) Ruta 11, cerca de las vías del tren - Depto.: Juan Martin de Pueyrredon - MONEDA Superficie 800,0 ha - Bosque Nativo 34 % - Arbustal/Matorral 33 % - Pastizal 33 % - BB. PL San Luis (Cuartel 1)"
8/09/2022,El Mollar,San Luis,6/09/2022,Extinguido (08/09/2022),"32º 46´ 8,5´´ S","65º 21´ 13,6´´ O",General Pedernera,"Latitud: 32º 46´ 8,5´´ - Longitud: 65º 21´ 13,6´´ - Ptos. de Referencia: (08/09/2022) Inmediaciones Estancia La Tati - Depto.: Coronel Pedernera - Pastizal 100 % - BB.VV. El Fortín"
8/09/2022,La Perla,San Luis,5/09/2022,Activo,"35º 29´ 21,5´´ S","65º 50´ 26,7´´ O",General Pedernera,"Latitud: 35º 29´ 21,5´´ - Longitud: 65º 50´ 26,7´´ - Ptos. de Referencia: Atrás del Campo Don Roberto - Depto.: General Pedernera - Bosque Nativo 34 % - Arbustal/Matorral 33 % - Pastizal 33 % - BB.VV. Justo Daract y Batavia"
8/09/2022,La Isleta,San Luis,5/09/2022,Extinguido (08/09/2022),"35º 27´ 45,5´´ S","65º 24´ 48,7´´ O",General Pedernera,"Latitud: 35º 27´ 45,5´´ - Longitud: 65º 24´ 48,7´´ - Ptos. de Referencia: Por Ruta (08/09/2022) 1, antes de llegar a Villa del Carmen - Depto.: General Pedernera - Pastizal 100 % - BB.VV. El Fortín, Batavia y Justo Daract "
8/09/2022,Ruta 10 y 1,San Luis,5/09/2022,Extinguido (07/09/2022),"33º 5´ 50,2´´ S",65º 25´ 21´´ O,Chacabuco,"- Latitud: 33º 5´ 5 0,2´´ - Longitud: 65º 25´ 21´´ - Pt os. d e Referencia : Entre Renca y Potrerillo s - Dep to.: Chac abu co - BB.VV. El M orro"
8/09/2022,Estancia Los Mandarinos,San Luis,7/09/2022,Contenido,"32º 47´ 37,9´´ S","65º 14´ 0,2´´ O",Chacabuco,"- Latitud: 32º 47´ 37,9´´ - Longitud : 65 º 14 ´ 0,2´´ - Ptos. de Referenc ia: Por autopista 55 - De pto.: C hacabuco - Bo squ e Nativo 34 % - Arbustal/M atorral 33 % - Pastizal 33 % - BB. VV. Tilisar ao, Los Molles Y BB. PL San Luis (Cuartel 3"
8/09/2022,Ruta 40,San Luis,6/09/2022,Contenido,"32º 46´ 8,5´´ S","65º 21´ 13,6´´ O",Chacabuco,"- Latitud: 32º 46´ 8,5´´ - Longitud: 65º 21´ 13,6´´ - Ptos. de Referenc ia: Entre Renca y Potrerillo s - Dep to.: Chac abu co - Bosque Nativ o 34 % - Arbustal/Matorral 33 % - Pastizal 3 3 % - B B.VV. R enca , San Pablo, Los Molles Bri For San Luís S olidari o, Carpint ería , Tili sarao, M erlo, Cortaderas, Concarán, Naschel, El Morro y La T oma, BB. PL San Luis (Cu artel 6)"
9/09/2022,Ruta 39 VIP,San Luis,7/09/2022,Controlado,"33º 6´ 49,3´´ S","66º 3´ 6,7´´ O",Coronel Pringles,"- Latitud: 33º 6´ 4 9,3´´ - L on gitud: 66º 3´ 6,7´´ - Ptos. de Referencia: Reserva d Flora y Fauna - D epto.: Co ro nel Pringles - Bos que Nativ o 34 % - Arbustal/Matorral 33 % - P as tizal 33 % - BB.V V. Trapich e, El Volcán , Estancia Grande y Carolina , DC M  CP P Trapiche"
9/09/2022,Estancia Oasis,San Luis,8/09/2022,Controlado,34º 47´ 5´´ S,"65º 27´ 25,9´´ O",Gobernador Dupuy,"- Latitud: 34º 47´ 5´´ - L on git ud: 65º 27´ 25,9´´ - Depto.: Gobernador Dupuy - Superficie 300,0 h a - Bo sq u e Nativo 25 % - Ar bustal/Ma torral 25 % - Pastizal 2 % - Vegetación O tros 25  % - BB.VV. Buena E speranza"
9/09/2022,Estancia La Ana,San Luis,8/09/2022,Controlado,"34º 46´ 37,5´´ S","65º 14´ 55,8´´ O",Gobernador Dupuy,"- Latitud: 34º 46´ 37,5´´ - Lo ngitud: 65º 14´ 55 ,8´´ - Dept o.: Gobernad or Dupuy Superficie 400,0 h a - Bo sq u e Nativo 25 % - Ar bustal/Ma torral 25 % - Pastizal 2 % - Vegetación O tros 25  % - BB.VV. Batavia y Buena E speranza"
9/09/2022,Estancia Los Mandarinos,San Luis,7/09/2022,Contenido,"32º 47´ 37,9´´ S","65º 14´ 0,2´´ O",Chacabuco,"Latitud: 32º 47´ 37,9´´ - Longitud: 65º 14´ 0,2´´ - Ptos. de Referencia: Por MANDARINOS autopista 55 - Depto.: Chacabuco - Bosque Nativo 34 % - Arbustal/Matorral 33 % - Pastizal 33 % - BB.VV. Tilisarao, Los Molles Y BB. PL San Luis (Cuartel 3)"
9/09/2022,Ruta 23,San Luis,7/09/2022,Contenido,"32º 17´ 4,4´´ S","65º 13´ 38,2´´ O",Junín,"Latitud: 32º 17´ 4,4´´ - Longitud: 65º 13´ 38,2´´ - Depto.: Junin - Bosque Nativo 34 % - Arbustal/Matorral 33 % - Pastizal 33 % - BB.VV. Santa Rosa"
9/09/2022,Barrio 100,San Luis,8/09/2022,Extinguido (09/09/2022),33º 10´ 5´´ S,66º 18´ 14´´ O,Juan Martín de Pueyrredón,Latitud: 33º 10´ 5´´ - Longitud: 66º 18´ 14´´ - Depto.: Juan Martin de VIVIENDAS (09/09/2022) Pueyrredon - Bosque Nativo 34 % - Arbustal/Matorral 33 % - Pastizal 33 % - BB.VV. La Punta
9/09/2022,Renca San,San Luis,7/09/2022,Contenido,"32º 47´ 32,7´´ S","65º 27´ 23,5´´ O",Chacabuco,"Latitud: 32º 47´ 32,7´´ - Longitud: 65º 27´ 23,5´´ - Ptos. de Referencia: Campo FELIPE Las Marías, atrás del dique San felipe - Depto.: Chacabuco - Bosque Nativo 34 % - Arbustal/Matorral 33 % - Pastizal 33 % - BB.VV. Renca"
9/09/2022,Ruta 40,San Luis,6/09/2022,Contenido,"32º 46´ 8,5´´ S","65º 21´ 13,6´´ O",Chacabuco,"Latitud: 32º 46´ 8,5´´ - Longitud: 65º 21´ 13,6´´ - Ptos. de Referencia: Entre Renca y Potrerillos - Depto.: Chacabuco - Bosque Nativo 34 % - Arbustal/Matorral 33 % - Pastizal 33 % - BB.VV. Renca, San Pablo, Los Molles, Bri For San Luís Solidario, Carpintería, Tilisarao, Merlo, Cortaderas, Concarán, Naschel, El Morro y La Toma, BB. PL San Luis (Cuartel 6)"
9/09/2022,Cola del Dique,San Luis,8/09/2022,Extinguido (09/09/2022),32º 37´ 10´´ S,"66º 8´ 58,6´´ O",Libertador General San Martín,"Latitud: 32º 37´ 10´´ - Longitud: 66º 8´ 58,6´´ - Depto.: San Martin - Bosque (09/09/2022) Nativo 34 % - Arbustal/Matorral 33 % - Pastizal 33 % - BB.VV. San Francisco"
9/09/2022,Anchorena al Norte,San Luis,5/09/2022,Activo,"35º 48´ 9,3´´ S","65º 40´ 9,5´´ O",Gobernador Dupuy,"Latitud: 35º 48´ 9,3´´ - Longitud: 65º 40´ 9,5´´ - Depto.: Gobernador Dupuy - NORTE Superficie 6,0 ha - Arbustal/Matorral 50 % - Pastizal 50 % - BBVV "
9/09/2022,La Perla,San Luis,5/09/2022,Activo,33º 47´ 11´´ S,65º 36´ 21´´ O,General Pedernera,- Latitud: 33º 47´ 11´´ - L ongitud: 65º 36´ 21´´ - P tos. de Referencia: Atrás Campo Don Robe rto - De pto.: Genera l Pederner a - Bosque Nativo 3 4 % - Arbustal/Matorral 33 % - Pastizal 33 % - BB.VV. Justo Daract y Bata via
12/09/2022,"Campo Olivares, Nueva Galicia",San Luis,10/09/2022,Controlado,"35º 6´ 38,2´´ S","65º 15´ 28,8´´ O",Gobernador Dupuy,"- Latitud: 35º 6´ 38,2´´ - Longitud: 65º 15´ 28,8´´ - Depto.: Gobernador Dupuy - Superficie 1.000,0 ha - Bosque Nativo 25 % - Arbustal/Matorral 25 % - Pastizal 25 % - Vegetación Otros 25 % - BB.VV. Batavia, Unión, Justo Daract, Buena Esperanza y BB.VV. de La Pampa"
12/09/2022,Ruta 39 VIP,San Luis,7/09/2022,Extinguido (11/09/2022),"33º 6´ 49,3´´ S","66º 3´ 6,7´´ O",Coronel Pringles,"Latitud: 33º 6´ 49,3´´ - Longitud: 66º 3´ 6,7´´ - Ptos. de Referencia: Reserva de (11/09/2022) Flora y Fauna - Depto.: Coronel Pringles - Bosque Nativo 34 % - Arbustal/Matorral 33 % - Pastizal 33 % - BB.VV. Trapiche, El Volcán, Estancia Grande y Carolina, DC MCPP Trapiche"
12/09/2022,"Ruta 5, Nicoletti",San Luis,11/09/2022,Contenido,32º 20´ 51´´ S,"65º 1´ 41,1´´ O",Junín,"Latitud: 32º 20´ 51´´ - Longitud: 65º 1´ 41,1´´ - Depto.: Junin - Superficie 6,0 NICOLETTI ha - Bosque Nativo 34 % - Arbustal/Matorral 33 % - Pastizal 33 % - BBVV Merlo.SNMF: 1 AT 802"
12/09/2022,Ruta 18,San Luis,11/09/2022,Contenido,"33º 9´ 52,7´´ S","66º 5´ 14,5´´ O",Gobernador Dupuy,"Latitud: 33º 9´ 52,7´´ - Longitud: 66º 5´ 14,5´´ - Ptos. de Referencia: Llegando a la cancha de polo, frente al barrio - Depto.: Gobernador Dupuy - Superficie 12,0 ha - Bosque Nativo 34 % - Arbustal/Matorral 33 % - Pastizal 33 % - BB.VV. Estancia Grande"
12/09/2022,Puente de Barranquitas,San Luis,11/09/2022,Activo,"33º 11´ 14,9´´ S","66º 4´ 8,1´´ O",Coronel Pringles,"Latitud: 33º 11´ 14,9´´ - Longitud: 66º 4´ 8,1´´ - Depto.: Coronel Pringles - BARRANQUITAS Bosque Nativo 34 % - Arbustal/Matorral 33 % - Pastizal 33 % - BB.VV. Trapiche y Estancia Grande"
12/09/2022,Ruta 23,San Luis,7/09/2022,Extinguido (11/09/2022),"32º 17´ 4,4´´ S","65º 13´ 38,2´´ O",Junín,"Latitud: 32º 17´ 4,4´´ - Longitud: 65º 13´ 38,2´´ - Depto.: Junin - Bosque Nativo (11/09/2022) 34 % - Arbustal/Matorral 33 % - Pastizal 33 % - BB.VV. Santa Rosa"
12/09/2022,Anchorena al Norte,San Luis,5/09/2022,Extinguido (11/09/2022),"35º 48´ 9,3´´ S","65º 40´ 9,5´´ O",Gobernador Dupuy,"Latitud: 35º 48´ 9,3´´ - Longitud: 65º 40´ 9,5´´ - Depto.: Gobernador Dupuy - NORTE (11/09/2022) Superficie 6,0 ha - Arbustal/Matorral 50 % - Pastizal 50 % - BBVV "
12/09/2022,Estancia Oasis,San Luis,8/09/2022,Extinguido (11/09/2022),34º 47´ 5´´ S,"65º 27´ 25,9´´ O",Gobernador Dupuy,"Latitud: 34º 47´ 5´´ - Longitud: 65º 27´ 25,9´´ - Depto.: Gobernador Dupuy - (11/09/2022) Superficie 800,0 ha - Bosque Nativo 25 % - Arbustal/Matorral 25 % - Pastizal 25 % - Vegetación Otros 25 % - BB.VV. Buena Esperanza"
12/09/2022,Estancia La Ana,San Luis,8/09/2022,Extinguido (11/09/2022),"34º 46´ 37,5´´ S","65º 14´ 55,8´´ O",Gobernador Dupuy,"Latitud: 34º 46´ 37,5´´ - Longitud: 65º 14´ 55,8´´ - Depto.: Gobernador Dupuy - (11/09/2022) Superficie 400,0 ha - Bosque Nativo 25 % - Arbustal/Matorral 25 % - Pastizal 25 % - Vegetación Otros 25 % - BB.VV. Batavia y Buena Esperanza"
12/09/2022,La Perla,San Luis,5/09/2022,Extinguido (11/09/2022),33º 47´ 11´´ S,65º 36´ 21´´ O,General Pedernera,Latitud: 33º 47´ 11´´ - Longitud: 65º 36´ 21´´ - Ptos. de Referencia: Atrás del (11/09/2022) Campo Don Roberto - Depto.: General Pedernera - Bosque Nativo 34 % - Arbustal/Matorral 33 % - Pastizal 33 % - BB.VV. Justo Daract y Batavia
12/09/2022,Ruta 40,San Luis,6/09/2022,Extinguido (10/09/2022),"32º 46´ 8,5´´ S","65º 21´ 13,6´´ O",Chacabuco,"Latitud: 32º 46´ 8,5´´ - Longitud: 65º 21´ 13,6´´ - Ptos. de Referencia: Entre (10/09/2022) Renca y Potrerillos - Depto.: Chacabuco - Bosque Nativo 34 % - Arbustal/Matorral 33 % - Pastizal 33 % - BB.VV. Renca, San Pablo, Los Molles, Bri For San Luís Solidario, Carpintería, Tilisarao, Merlo, Cortaderas, Concarán, Naschel, El Morro y La Toma, BB. PL San Luis (Cuartel 6)"
12/09/2022,Estancia Los,San Luis,7/09/2022,Controlado,"32º 47´ 37,9´´ S","65º 14´ 0,2´´ O",Chacabuco,"Latitud: 32º 47´ 37,9´´ - Longitud: 65º 14´ 0,2´´ - Ptos. de Referencia: Por MANDARINOS autopista 55 - Depto.: Chacabuco - Superficie 800,0 ha - Bosque Nativo 34 % - Arbustal/Matorral 33 % - Pastizal 33 % - BB.VV. Tilisarao, Los Molles Y BB. PL San Luis (Cuartel 3)"
12/09/2022,Renca San Felipe,San Luis,7/09/2022,Extinguido (11/09/2022),"32º 47´ 32,7´´ S","65º 27´ 23,5´´ O",Chacabuco,"Latitud: 32º 47´ 32,7´´ - Longitud: 65º 27´ 23,5´´ - Ptos. de Referencia: Campo FELIPE (10/09/2022) Las Marías, atrás del dique San felipe - Depto.: Chacabuco - Bosque Nativo 34 % - Arbustal/Matorral 33 % - Pastizal 33 % - BB.VV. Renca "
13/09/2022,"Campo Olivares, Nueva Galicia",San Luis,10/09/2022,Controlado,"35º 6´ 38,2´´ S","65º 15´ 28,8´´ O",Gobernador Dupuy,"- Latitud: 35º 6´ 3 8,2´´ - L ongitud: 6 5º 15´ 28,8´´ - Depto. : Gobernador Dup Superficie 1.000,0 ha - B o sque Nati vo 25 % - Arb ustal/M at orral 25 % - Past 25 % - Vegetació n Otros  25 % - BB .VV. Batavia, Unión, J usto Daract, Bue Esperanza y BB.V V. de L a Pampa"
13/09/2022,Puente de Barranquitas,San Luis,11/09/2022,Extinguido (12/9/2022),"33º 11´ 14,9´´ S","66º 4´ 8,1´´ O",Coronel Pringles,"- Latitud: 33º 11´ 14,9´´ - Longitud: 66º 4´ 8,1´´ - Depto.: C oronel Pring les - Bosque Nativo 34 % - Ar b ustal/Mat orral 33 % - P astizal 3 3 % - BB.VV . Tra y Estancia Grand e"
13/09/2022,"Ruta 5, Nicoletti",San Luis,11/09/2022,Extinguido (12/9/2022),32º 20´ 51´´ S,"65º 1´ 41,1´´ O",Junín,"- Latitud: 32º 20´ 51´´ - L  ongitud: 6 5º 1´ 41,1´´ - Depto.: J u nin - Superf icie 1 ha - Bosque Nativ o 34 %  - Arbustal/ Matorral 33 % - Pasti z al 33 % - BB VV M"
13/09/2022,Estancia Los Tamarindos (Ex Mandarinos),San Luis,7/09/2022,Controlado,"32º 47´ 37,9´´ S","65º 14´ 0,2´´ O",Chacabuco,"- Latitud: 32º 47´ 37,9´´ - Longitud: 65º 14´ 0,2´´ - Ptos. d e Referencia : Por autopista 55 - De pto.: Ch  acabuco - Superficie 80 0,0 ha - B osque Nativ o 34 Arbustal/Matorral 33 % -  Pastizal 33 % - BB.VV. Tilisara o, Los Molles Y BB San Luis (Cuartel 3)"
14/09/2022,"Campo Olivares, Nueva Galicia",San Luis,10/09/2022,Controlado,"35º 6´ 38,2´´ S","65º 15´ 28,8´´ O",Gobernador Dupuy,"- Latitud: 35º 6´ 3 8,2´´ - Lo ngitu d: 65º 15´ 28,8 ´´ - Depto .: Gobernad or Dupuy - Superficie 1.000,0 ha - Bos que Nativo 25 % - Arbustal/ Matorral 25 % - Pastizal 25 % - Vegetació n Otros 25 % - BB.VV. Batav ia, Unión , Justo Darac t, Buena Esperanza y BB.V V. de La Pam pa"
14/09/2022,Estancia Los Tamarindos (Ex Mandarinos),San Luis,7/09/2022,Extinguido (13/09/2022),"32º 47´ 37,9´´ S","65º 14´ 0,2´´ O",Chacabuco,"- Latitud: 32º 47´ 37,9´´ - Longitud: 65º 14´ 0,2´´ - Ptos. de Referencia: Por autopista 55 - Depto.: Chacabuco - Superficie 800,0 ha - Bosque Nativo 34 % - Arbustal/Matorral 33 % - Pastizal 33 % - BB.VV. Tilisarao, Los Molles Y BB. PL San Luis (Cuartel 3)"
15/09/2022,Ruta 2 Cerca del Yanquetruz,San Luis,14/09/2022,Activo,"33º 22´ 47,7´´ S","65º 34´ 57,6´´ O",Coronel Pringles,"- L a titud: 33º 22´ 47,7 ´´ - Longitud: 65º 3 4´ 57 ,6´´ - Depto.: Coronel Pri n gles - Bo sq ue Nativo 25 % - Arbustal/Matorral 25 % - Pastizal 25 % - Vegetac i ón Otro s 25 % - BB.VV. La To ma y El Morro"
15/09/2022,"Campo Olivares, Nueva Galicia",San Luis,10/09/2022,Extinguido (14/9/2022),"35º 6´ 38,2´´ S","65º 15´ 28,8´´ O",Gobernador Dupuy,"- Latitud: 35º 6´ 38,2´´ - Longitud: 65º 15´ 28,8´´ - Depto.: Gobernador Dupuy - Superficie 1.000,0 ha - Bosque Nativo 25 % - Arbustal/Matorral 25 % - Pastizal 25 % - Vegetación Otros 25 % - BB.VV. Batavia, Unión, Justo Daract, Buena Esperanza y BB.VV. de La Pampa"
16/09/2022,Los Loros,San Luis,15/09/2022,Controlado,"34º 25´ 50,3´´ S","66º 10´ 59,5´´ O",General Pedernera,"- Latitud: 34º 25´ 50,3´´ - Longitu d: 66 º 10´ 59 ,5´´ - Dep to.: G eneral Pedernera Superficie 20, 0 ha - Bosque Nativ o 34 % - Arb ustal/Mat orral 33 % - Pastizal 33 % - BBVV Bat avia"
16/09/2022,Viejo Vertedero Municipal,San Luis,15/09/2022,Activo,32º 29´ 50´´ S,"65º 2´ 12,3´´ O",Chacabuco,"- Latitud: 32º 29´ 50´´ - Lon gitu d: 65º 2´ 12,3´´ - Dep to.: Chaca buco - Sup 10,0 ha - Bos que Nativo 34 % - Arbus tal/Mator ral 33 % - Pastiz al 33 % - B Los Molles, M erlo , Carpinter ía, Santa Rosa y B B. PL San Luis ( Cuartel N°"
16/09/2022,Donovan,San Luis,15/09/2022,Extinguido (15/9/2022),"33º 19´ 27,5´´ S","66º 14´ 21,2´´ O",Juan Martín de Pueyrredón,"- Latitud: 33º 19´ 27,5´´ - Lo ngi tud: 66 º 14´ 21, 2´´ - D epto.: Jua n Martin de Pueyrredon - Sup erficie 4,0 ha - Bosq ue Nativo 34 % - Arbusta l/Matorral 3 Pastizal 33 %"
16/09/2022,Ruta 2 Cerca del Yanquetruz,San Luis,14/09/2022,Activo,"33º 22´ 47,7´´ S","65º 34´ 57,6´´ O",Coronel Pringles,"- Latitud: 33º 22´ 47,7´´ - Lo ngi tud: 65 º 34´ 57, 6´´ - D epto.: Cor onel Pringle Bosque Nativo 25 % - Arbus tal/ Matorr al 25 % - Pasti zal 25 % - Vegetación 25 % - BB.VV . La Toma y E l M orro"
19/09/2022,Papagayos,San Luis,17/09/2022,Controlado,"32º 40´ 40,9´´ S","64º 58´ 18,5´´ O",Chacabuco,"- Latitud: 32º 40´ 40,9´ ´ - Longitu d: 64 º 58´ 18 ,5´´ - De pto.: Cha cabuc o - Superficie 1,0 ha - Bos que Nativo 34 % - Arbu stal/Mat orral 3 3 % - Pa stizal 33 % - BB.VV. Conc arán"
19/09/2022,Viejo Vertedero Municipal,San Luis,15/09/2022,Controlado,32º 29´ 50´´ S,"65º 2´ 12,3´´ O",Chacabuco,"- Latitud: 32º 29´ 50´´ - Longitu d: 65º 2´ 12,3´´ - D e pto.: Ch acabuco - Nativo 34 % - Arbustal/Matorral 33 % - Pastizal 33  % - BB. VV. Los M Merlo, Carpint ería, Santa Rosa y BB. PL San Luís ( Cuartel N°3). SN Nac Centro, 1 Camioneta Amar ok"
19/09/2022,Zona Basural de Concaran,San Luis,16/09/2022,Controlado,32º 33´ 30´´ S,65º 14´ 43´´ O,Chacabuco,"- Depto.: Chacabuco - Superficie 10,0 ha - Bosque Nativo 34 % - Arbustal/Matorral 33 % - Pastizal 33 % - BB.VV. Concarán"
19/09/2022,Los Loros,San Luis,15/09/2022,Controlado,"34º 25´ 50,3´´ S","66º 10´ 59,5´´ O",General Pedernera,"- Latitud: 34º 25´ 50,3´´ - Longit ud: 66 º 10´ 59,5´´ - Depto.: General Superficie 20, 0 ha - Bosque Na tivo 34 % - Arbusta l/ Matorra l 33 % - P % - BBVV Bat avia"
19/09/2022,Ruta 2 Cerca del Yanquetruz,San Luis,14/09/2022,Contenido,"33º 22´ 47,7´´ S","65º 34´ 57,6´´ O",Coronel Pringles,"- Latitud: 33º 22´ 47,7´´ - Longit ud: 65 º 34´ 57,6´´ - Depto.: Coronel P Bosque Nativo 34 % - Arbustal/ Matorr al 33 % - Pa s tizal 33 % - BB.V y El Morro"
21/09/2022,Zona Basural de Concaran,San Luis,16/09/2022,Extinguido (19/9/2022),32º 33´ 30´´ S,65º 14´ 43´´ O,Chacabuco,"- Latitud: 32º 33´ 30´´ - Longitud: 65º 14´ 43´´ - Depto.: Chacabuco - Superficie 10,0 ha - Bosque Nativo 34 % - Arbustal/Matorral 33 % - Pastizal 33 % - BB.VV. Concarán"
21/09/2022,Los Loros,San Luis,15/09/2022,Extinguido (19/9/2022),"34º 25´ 50,3´´ S","66º 10´ 59,5´´ O",General Pedernera,"- Latitud: 34º 25´ 50,3´´ - Long itu d: 66º 10´ 59,5´´ - Depto.: General Pe dernera - Superficie 20, 0 ha - Bosque N ativ o 34 % - Arbustal/ Matorra l 33 % - Pa stizal 33 % - BBVV Bat avia"
21/09/2022,Papagayos,San Luis,17/09/2022,Controlado,"32º 40´ 40,9´´ S","64º 58´ 18,5´´ O",Chacabuco,"- Latitud: 32º 40´ 40,9´´ - Long itu d: 64º 58´ 18,5´´ - Depto.: Chacabuco - Superficie 1,0 ha - Bosque Nat ivo 34 % - Arbustal/M atorral 33 % - Past izal 33 % - BB.V V. C onc arán"
21/09/2022,Ruta 2 Cerca del Yanquetruz,San Luis,14/09/2022,Extinguido (19/9/2022),"33º 22´ 47,7´´ S","65º 34´ 57,6´´ O",Coronel Pringles,"- Latitud: 33º 22´ 47,7´´ - Longitud: 65º 34´ 57,6´´ - Depto.: Coronel Pringles - Bosque Nativo 34 % - Arbustal/Matorral 33 % - Pastizal 33 % - BB.VV. La Toma y El Morro"
21/09/2022,Viejo Vertedero Municipal,San Luis,15/09/2022,Guardia de cenizas,32º 29´ 50´´ S,"65º 2´ 12,3´´ O",Chacabuco,"- Latitud: 32º 29´ 50´´ - Longitud: 65º 2´ 12,3´´ - Depto.: Chacabuco - Superficie 307,0 ha - Bosque Nativo 34 % - Arbustal/Matorral 33 % - Pastizal 33 % - BB.VV. Los Molles, Merlo, Carpintería, Santa Rosa y BB. PL San Luís (Cuartel N°3). SNMF: 4 Brig Nac Centro, 1 Camioneta Amarok"
22/09/2022,Viejo Vertedero Municipal,San Luis,15/09/2022,Extinguido,32º 29´ 50´´ S,"65º 2´ 12,3´´ O",Chacabuco,"Latitud: 32º 29´ 50´´ - Longitud: 65º 2´ 12,3´´ - Depto.: Chacabuco - Superficie VERTEDERO (21/09/2022) 307,0 ha - Bosque Nativo 34 % - Arbustal/Matorral 33 % - Pastizal 33 % - MUNICIPAL BB.VV. Merlo"
22/09/2022,Papagayos,San Luis,17/09/2022,Controlado,"32º 40´ 40,9´´ S","64º 58´ 18,5´´ O",Chacabuco,"Latitud: 32º 40´ 40,9´´ - Longitud: 64º 58´ 18,5´´ - Depto.: Chacabuco - Superficie 1,0 ha - Bosque Nativo 34 % - Arbustal/Matorral 33 % - Pastizal 33 % - BB.VV. Concarán"
23/09/2022,Papagayos,San Luis,17/09/2022,Extinguido (22/9/2022),"32º 40´ 40,9´´ S","64º 58´ 18,5´´ O",Chacabuco,"- Latitud: 32º 40´ 40,9´´ - Longitud: 64º 58´ 18,5´´ - Depto.: Chacabuco - Superficie 1,0 ha - Bosque Nativo 34 % - Arbustal/Matorral 33 % - Pastizal 33 % - BB.VV. Concarán"
26/09/2022,500 Viviendas Norte,San Luis,23/09/2022,Extinguido (23/9/2022),"33º 16´ 24,3´´ S","66º 21´ 4,6´´ O",Juan Martín de Pueyrredón,"- Latitud: 33º 16´ 24,3 ´´ - Lo ngitud: 66º 21´ 4,6 ´´ - Depto.: Jua n Martin de Pueyrredon - Bos que Nativo 34 % - Arbustal/M atorral 33 % - P astizal 3 3 % - Personal Bom b: 2 6"
11/10/2022,Loteo Aguas Blancas,San Luis,6/10/2022,Contenido,32º 35´ 10´´ S,64º 56´ 25´´ O,Chacabuco,"Latitud: 32º 35´ 10´´ - Longitud: 64º 56´ 25´´ - Depto.: Chacabuco - Superficie BLANCAS 2.300,0 ha - Pastizal 100 % - SNMF: 1 Coordinador SNMF, 1 Helicoptero c/helibalde, 1 AT 802 y PROV: BB.VV. Concaran, Santa Rosa de Conlara y Renca"
11/10/2022,Ruta 7,San Luis,10/10/2022,Activo,"33º 15´ 48,6´´ S","66º 18´ 28,1´´ O",Juan Martín de Pueyrredón,"Latitud: 33º 15´ 48,6´´ - Longitud: 66º 18´ 28,1´´ - Ptos. de Referencia: Antes del cruce y la entrada a la localidad del Balde - Depto.: Pueyrredón - BB.VV. San Luís Capital"
11/10/2022,Villa La,San Luis,9/10/2022,Contenido,33º 2´ 0´´ S,66º 18´ 0´´ O,Belgrano,"Latitud: 33º 2´ 0´´ - Longitud: 66º 18´ 0´´ - Depto.: Belgrano - Bosque Nativo 33 QUEBRADA % - Arbustal/Matorral 33 % - Pastizal 34 % - SNMF: 1 AT 802 y PROV: BB.VV. Villa de La Quebrada, BB.VV. San Luís Capital y Bri For San Luís Solidario"
11/10/2022,Los Canales,San Luis,8/10/2022,Extinguido (10/10/2022),"33º 0´ 59,7´´ S","66º 17´ 35,4´´ O",Belgrano,"Latitud: 33º 0´ 59,7´´ - Longitud: 66º 17´ 35,4´´ - Ptos. de Referencia: En los (10/10/2022) canales - Depto.: Belgrano - Superficie 10,0 ha - Bosque Nativo 33 % - Arbustal/Matorral 33 % - Pastizal 34 %"
11/10/2022,Balde de la Isla,San Luis,4/10/2022,Controlado,"33º 7´ 16,6´´ S","66º 58´ 0,5´´ O",Coronel Pringles,"Latitud: 33º 7´ 16,6´´ - Longitud: 66º 58´ 0,5´´ - Ptos. de Referencia: Campo Las Barranquitas - Depto.: Pringlrs - Superficie 10,0 ha - Bosque Nativo 33 % - Arbustal/Matorral 33 % - Pastizal 34 % - BB.VV. El Trapiche, DC El Trapiche y Bri For San Luís Solidario"
11/10/2022,Zona Urbana,San Luis,8/10/2022,Contenido,"33º 5´ 27,1´´ S","66º 29´ 4,1´´ O",Belgrano,"Latitud: 33º 5´ 27,1´´ - Longitud: 66º 29´ 4,1´´ - Ptos. de Referencia: KM 28 Aparentemente sería en Sierras marianas - Depto.: Belgrano - Superficie 1.000,0 ha - Bosque Nativo 33 % - Arbustal/Matorral 33 % - Pastizal 34 % - BB.VV. Villa de La Quebrada, BB.VV. San Luís Capital y Bri For San Luís Solidario "
12/10/2022,Ruta 7,San Luis,10/10/2022,Extinguido (11/10/2022),"33º 15´ 48,6´´ S","66º 18´ 28,1´´ O",Juan Martín de Pueyrredón,"- Latitud: 33º 15´ 48,6 ´´ - Longitu d: 6 6º 18´ 28,1 ´´ - Ptos. de Re ferenci del cruce y la entrada a la localid ad del Balde - Depto.: P ueyrre dón"
12/10/2022,Loteo Aguas Blancas,San Luis,6/10/2022,Contenido,32º 35´ 10´´ S,64º 56´ 25´´ O,Chacabuco,"- Latitud: 32º 35´ 10´´ - Longitud : 64 º 56 ´ 25´´ - Depto.: C haca buco - S 2.300,0 ha - Pastizal 100 % - SN MF: 1 Coordina dor SNM F, 1 H elicopte c/helibalde, 1 AT 802 y PROV: B B.V V. Concara n, Santa Rosa de Conl Renca"
12/10/2022,Villa La Quebrada,San Luis,9/10/2022,Contenido,33º 2´ 0´´ S,66º 18´ 0´´ O,Belgrano,"- Latitud: 33º 2´ 0´´ - Longitud: 66º 18´ 0´´ - Depto.: Belgrano - Bosque Nativo 33 % - Arbustal/Matorral 33 % - Pastizal 34 % - SNMF: 1 AT 802 y PROV: BB.VV. Villa de La Quebrada, BB.VV. San Luís Capital y Bri For San Luís Solidario"
12/10/2022,Zona Urbana Km 28,San Luis,8/10/2022,Contenido,"33º 5´ 27,1´´ S","66º 29´ 4,1´´ O",Belgrano,"- Latitud: 33º 5´ 2 7,1´´ - L ongitud: 66 º 29´ 4,1´´ - Pto s. de Referenc ia: Aparentemente s ería en Sierras mari anas - Dep to.: Belgrano - Sup erficie 1. 000, ha - Bosque Nativ o 33 % - Arbustal/M atorr al 33 % - Pastizal 34 % - BB.VV. Villa de La Quebrada, BB.VV. San Luís C apital y Bri For San Luís Solid ario"
12/10/2022,Balde de la Isla,San Luis,4/10/2022,Controlado,"33º 7´ 16,6´´ S","66º 58´ 0,5´´ O",Coronel Pringles,"- Latitud: 33º 7´ 1 6,6´´ - L ongitud: 66 º 58´ 0,5´´ - Pto s. de Referenc ia: Cam po Las Barranquitas - Depto. : Pringlrs - Super ficie 1 0,0 ha - Bosque N ativo 33 % - Arbustal/Matorral 33 % - Pastizal 34 % - B B.VV. El T rapiche, DC El Trapich e y Bri For San Luís Solidario"
13/10/2022,Balde de la Isla,San Luis,4/10/2022,Controlado,"33º 7´ 16,6´´ S","66º 58´ 0,5´´ O",Coronel Pringles,"- Latitud: 33º 7´ 1 6,6´´ - Lo ngitud: 66º 58´ 0 ,5´´ - Pt os. de Referenci a: Cam po Las Barranquitas - Depto.: Pringlrs - Super f icie 10,0 ha - Bosque Na tivo 33 % - Arbustal/Matorral 33 % - P astizal 3 4 % - B B .VV. El Trapiche, DC El Trapich e y Bri For San Luís Solidario"
13/10/2022,Loteo Aguas Blancas,San Luis,6/10/2022,Contenido,32º 35´ 10´´ S,64º 56´ 25´´ O,Chacabuco,"- Latitud: 32º 35´ 10´´ - Lo ngitud: 6 4º 56´ 2  5´´ - De pto.: Chacabuco - Super ficie 2.300,0 ha - Pasti zal 100 % - SNM F: 1 Co o rdinado r SNMF, 1 Helico ptero c/helibalde, 1 AT 802 y PR OV: BB. VV. Co n caran, S anta Rosa de C onlara y Renca"
13/10/2022,Zona Urbana Km 28,San Luis,8/10/2022,Contenido,"33º 5´ 27,1´´ S","66º 29´ 4,1´´ O",Belgrano,"- Latitud: 33º 5´ 2 7,1´´ - Lo ngitud: 66º 29´ 4 ,1´´ - Pt os. de Referenci a: Aparentemente s ería en Si erras m arianas - Depto.: Belgrano - Supe rficie 1. 000, ha - Bosque Nativ o 33 % - Arbustal /Matorr a l 33 % - Pastizal 34 % - BB.VV. Villa de La Quebrada, BB.VV. S an Luís Capital  y Bri Fo r San Luís Solid ario"
13/10/2022,Villa La Quebrada,San Luis,9/10/2022,Contenido,33º 2´ 0´´ S,66º 18´ 0´´ O,Belgrano,"- Latitud: 33º 2´ 0 ´´ - Longi tud: 66º 18´ 0´´ - Depto.: Belgrano - Bosq ue Nati vo 3 % - Arbustal/Mato rral 33 % - Pastiz al 34 %  - SNMF : 1 AT 802 y PR OV: BB .VV. Villa de La Quebr ada, BB.V V. San Luís Ca  pital y B ri For San Luís Solidario"
14/10/2022,"Zona Urbana Km 28, Ruta 146",San Luis,8/10/2022,Extinguido (13/10/2022),"33º 5´ 27,1´´ S","66º 29´ 4,1´´ O",Belgrano,"- Latitud: 33º 5´ 2 7,1´´ - Longitud: 66º 2 9´ 4,1´´ - Ptos. de Referencia: Aparentemente s ería en Sierras m arian as - Dep to.: Belgr ano - Superfi cie 1.00 ha - Bosque Nativ o 33 % - Arbustal /Ma torral 33 % - Pasti zal 34 %"
14/10/2022,Balde de la Isla,San Luis,4/10/2022,Extinguido (13/10/2022),"33º 7´ 16,6´´ S","66º 58´ 0,5´´ O",Coronel Pringles,"- Latitud: 33º 7´ 1 6,6´´ - Longitud: 66º 58´ 0,5´´ - Ptos. de Referencia: Campo Las Barranquitas - Dept o.: Pringlrs - Su perficie 10,0 ha - Bosque Nativ o 33 % Arbustal/Matorral 33 % - Pastizal 3 4 %"
14/10/2022,Loteo Aguas Blancas,San Luis,6/10/2022,Extinguido (13/10/2022),32º 35´ 10´´ S,64º 56´ 25´´ O,Chacabuco,"- Latitud: 32º 35´ 10´´ - Longitud: 6 4º 5 6´ 25´´ - Depto.: C hacabuco - S uperfic 2.300,0 ha - Pasti zal 100 %"
14/10/2022,Villa La Quebrada,San Luis,9/10/2022,Extinguido (13/10/2022),33º 2´ 0´´ S,66º 18´ 0´´ O,Belgrano,- Latitud: 33º 2´ 0 ´´ - Lo ngitud: 66º 18´ 0´´ - Dep to.: Belgr ano - Bosque Nativo % - Arbustal/Mato rral 33 % - Pastiz al 3 4 %
14/10/2022,"Ruta 2, Entrada del Talita",San Luis,13/10/2022,Activo,"33º 14´ 55,5´´ S","65º 34´ 59,9´´ O",Junín,"- Latitud: 33º 14´ 55,5´´ - Longitud: 65º 34´ 59,9 ´´ - Dept o.: Junín - Bo sque Nativo 33 % - Arb ustal/M atorral 33 % - Pastizal 34 % - B B.VV. Quines, Lafinu santa Rosa de Co nlara y BB PL Sa n Lu ís (Cuar tel N°3)"
17/10/2022,"Ruta 2, Entrada del Talita",San Luis,13/10/2022,Extinguido (15/10/2022),"33º 14´ 55,5´´ S","65º 34´ 59,9´´ O",Junín,"- Latitud: 33º 14´ 55,5´´ - Longitud: 65º 34´ 59,9´´ - Depto.: Junín - Su 468,0 ha - Bo sque Nativ o 33 % - Ar bust al/M atorra l 33 % - P astizal 34 Quines, L afinu r, S anta R o sa de Con lara y B B PL S an Luis ( Cuarte l N"
18/10/2022,Paraje Cañada del Tala,San Luis,16/10/2022,Contenido,32º 39´ 12´´ S,"64º 56´ 7,5´´ O",Chacabuco,"- Latitud: 32º 39´ 12´´ - Longitud: 64 º 56 ´ 7,5 ´´ - Depto.: Ch acabuco - Bo N ativo 34 % - Arbustal/Matorral 33 % - Pasti zal 33 % - BB.V V. Villa Larc P apagayo s y BB PL San Luis (Cuar tel N °6)"
19/10/2022,Paraje Cañada del Tala,San Luis,16/10/2022,Contenido,32º 39´ 12´´ S,"64º 56´ 7,5´´ O",Chacabuco,"- Latitud: 32º 39´ 12´´ - Longitu d: 64 º 56´ 7,5´ ´ - D epto.: Ch acabuco - Bo N ativo 34 % - Arbustal/Matorral 33 % - Pastiz al 33 % - BB.V V. Villa Larc P apagayo s y BB PL San Luis (C uar tel N°6)"
20/10/2022,Paraje Cañada del Tala,San Luis,16/10/2022,Extinguido (18/10/2022),32º 39´ 12´´ S,"64º 56´ 7,5´´ O",Chacabuco,"- Latitud: 32º 39´ 12´´ - Longitud: 64 º 56´ 7,5 ´´ - Depto.: Ch acabuc o - Bosqu N ativo 34 % - Arbustal/Matorral 33 % - Pasti zal 3 3 %"
24/10/2022,Papagayos,San Luis,22/10/2022,Extinguido (24/10/2022),"33º 40´ 29,5´´ S","64º 59´ 14,1´´ O",Chacabuco,"- Latitud: 33º 40´ 29,5´´ - Longitud: 64 º 59´ 14,1´´ - Depto.: Chacabuco - Superficie 8,5 ha - Bosqu e Nativo 34 % - Arbusta l/Matorral 33 % - Pastizal 33 % Causa ori gen del incendio : Rayo - BB. VV. Papag ayos y Vill a Larca"
24/10/2022,Ruta 7 Km 795,San Luis,21/10/2022,Extinguido (21/10/2022),"33º 20´ 34,4´´ S","66º 28´ 29,6´´ O",Juan Martín de Pueyrredón,"- Latitud: 33º 20´ 34,4´´ - Longitud: 66 º 28´ 29,6´´ - Ptos. d e Referencia: Pasando Sol Punt ano - D epto.: Juan Martin de P ueyrredon - Superficie 0,5 ha - Bosque N ativo 34 % - Arb ustal/Matorr al 33 % - P astizal 33 %"
24/10/2022,Barrio Cementerio,San Luis,21/10/2022,Extinguido (22/10/2022),"32º 34´ 20,7´´ S","65º 21´ 30,7´´ O",Junín,"- Latitud: 32º 34´ 20,7´´ - Longitud: 65 º 21´ 30,7´´ - Depto.: Junin - Superficie 1,0 ha - Bosq ue N ativ o 34 % - Arbustal/M atorral 33 % - Pastiza l 33 %"
24/10/2022,"Piedra Blanca, Chipiadero",San Luis,21/10/2022,Controlado,"32º 31´ 58,9´´ S",65º 0´ 33´´ O,Junín,"- Latitud: 32º 31´ 58,9´´ - Longitud: 65 º 0´ 33´´ - D epto.: Ju nin - Superficie 1,0 ha - Bosq ue N ativ o 25 % - Arbustal/M atorral 25 % - Pastiza l 25 % - Vegetació n Otros 25 % - BBV V Merlo"
24/10/2022,Cruz de Caña,San Luis,23/10/2022,Extinguido (24/10/2022),32º 44´ 2´´ S,58º 34´ 9´´ O,Coronel Pringles,- Latitud: 32º 44´ 2´´ - Lo ngitud: 58º 3 4´ 9´´ - Dep to.: Coron el Pringles - Bosq ue Nativo 34 % - Arb ustal/Ma torral 33 % - Pastizal 3 3 %
24/10/2022,Rio Conlara,San Luis,21/10/2022,Extinguido (21/10/2022),"32º 53´ 23,2´´ S","65º 30´ 18,9´´ O",Chacabuco,"- Latitud: 32º 53´ 23,2´´ - Longitud: 65 º 30´ 18,9´´ - Depto.: Chacabuco - Superficie 3,5 ha - Bosqu e Nativo 34 % - Arbusta l/Matorral 33 % - Pastizal 33 %"
25/10/2022,"Piedra Blanca, Chipiadero",San Luis,21/10/2022,Controlado,"32º 31´ 58,9´´ S",65º 0´ 33´´ O,Junín,"- Latitud: 3 2º 31´ 58,9´´ - Longitud: 65º 0´ 33´´ - Depto.: Jun in - Su perficie 1, ha - Bosqu e Nativo 25 % - Arbustal/ Matorral 2 5 % - Pastiza l 25 % - Vegetaci Otros 25 % - BBVV Merl o"
26/10/2022,"Piedra Blanca, Chipiadero",San Luis,21/10/2022,Controlado,"32º 31´ 58,9´´ S",65º 0´ 33´´ O,Junín,"- Latitud: 32º 31´ 58,9´´ - L ongitud: 65º 0´ 3 3´´ - Depto.: Ju nin - Superficie 1,0 ha - Bosque N ativ o 25 % - Arbustal/Matorral 25 % - Pastiza l 25 % - Veget ación Otros 25 % - BBV V Merlo"
26/10/2022,Paraje La Totora,San Luis,25/10/2022,Extinguido (26/10/2022),"32º 40´ 2,9´´ S","65º 49´ 58,1´´ O",Coronel Pringles,"- Latitud: 32º 40´ 2,9´´ - L o ngitud: 65º 49´ 5 8,1´´ - Depto.: C oronel Pringle s - Superficie 1,0 ha - Bosqu e Nativo 25 % - Ar bustal/Matorral 25 % - Pastiza l 25 % Vegetación Ot ros 25 % - B B.VV. L Toma, R enca, Tilisarao y BB.PL. San Luis (Cuartel N° 6)"
27/10/2022,"Piedra Blanca, Chipiadero",San Luis,21/10/2022,Controlado,"32º 31´ 58,9´´ S",65º 0´ 33´´ O,Junín,"- Latit ud: 3 2º 31´ 58,9 ´´ - Longitud: 65º 0´ 33´´ - D epto.: Jun in - Su perficie 1, ha - B osq u e Nativo 25 % - Arbustal/ Matorral 25 % - Pastiza l 25 % - Vegetaci Otros 25 % - BBVV M erlo"
28/10/2022,Al Sur de San Martin de Loyola,San Luis,27/10/2022,Activo,"35º 56´ 55,7´´ S","66º 21´ 20,5´´ O",Gobernador Dupuy,"- Latitud: 3 5º 56´ 55,7´´ - Longitud: 66º 21´ 20,5´´ - Depto.: Gobe rn ador Dup Bosque N a tivo 25 % - Ar bustal/Mato rral 25 % - Pa s tizal 25 % - V eg etación O 25 % - BB . VV. Unión, Br i For San L uis Solidario"
28/10/2022,"Piedra Blanca, Chipiadero",San Luis,21/10/2022,Controlado,"32º 31´ 58,9´´ S",65º 0´ 33´´ O,Chacabuco,"Latitud: 32º 31´ 58,9´´ - Longitud: 65º 0´ 33´´ - Depto.: Chacabuco - Superficie CHIPIADERO 1,0 ha - Bosque Nativo 25 % - Arbustal/Matorral 25 % - Pastizal 25 % - Vegetación Otros 25 % - BBVV Merlo"
31/10/2022,"Piedra Blanca, Chipiadero",San Luis,21/10/2022,Extinguido (29/10/2022),"32º 31´ 58,9´´ S",65º 0´ 33´´ O,Chacabuco,"- Latitud: 3 2º 31´ 58,9´´ - Longitud: 65º 0´ 3 3´´ - D epto.: Chacabuco - Superficie 1,0 ha - Bos que N ativo 2 5 % - Arbu stal/ Mat orral 2 5 % - Pastizal 25 % - Vegetación Otros 25 % -  BB.VV. Me rlo"
31/10/2022,Complejo 7 Colores,San Luis,30/10/2022,Controlado,"33º 13´ 23,4´´ S","66º 13´ 55,8´´ O",Junín,"- Latitud: 3 3º 13´ 23,4´´ - Longitud: 66º 13´ 55,8´´ - Ptos . de Referenc ia: Costa Dique Potre ro de Los Fu n es - Depto .: J unin - Sup erficie 1,0 ha - Vege tación Otros 100 % - BB. VV. P ot rero de Lo s F une s, El V olcán, BB. PL San L uis (Cuart N°4) y Bri F or San Luis S  olidario"
31/10/2022,Estancia El Talita,San Luis,28/10/2022,Extinguido (30/10/2022),"32º 14´ 19,6´´ S",65º 46´ 57´´ O,Ayacucho,"- Latitud: 3 2º 14´ 19,6´´ - Longitud: 65º 46´ 57´´ - Ptos. d e Referencia : Cerca de la escuela a bando nada -  Depto.: Ay acu cho - Supe rficie 1,0 ha - Bosq ue Nativo 34 % - Arbu stal/M atorral 3 3 % - Pas tiza l 33 % - B BVV Q uines"
31/10/2022,Los Overo (Ex al Sur de San Martin de Loyola),San Luis,27/10/2022,Contenido,"35º 56´ 55,7´´ S","66º 21´ 20,5´´ O",Gobernador Dupuy,"- Latitud: 3 5º 56´ 55,7´´ - Longitud: 66º 21´ 20,5´´ - Dept o.: Gobernad or Dupuy - Bosque Nat ivo 25 % - Ar b ustal/Mato rral 25 % - Pa stizal 25 % - Vegeta ción Otros 25 % - BB.V V. Un ión y B u ena Espe ranz a, B ri For San L uis Solidario"
1/11/2022,Los Overo (Ex al Sur de San Martin de Loyola),San Luis,27/10/2022,Extinguido (31/10/2022),"35º 56´ 55,7´´ S","66º 21´ 20,5´´ O",Gobernador Dupuy,"- Latitud : 35º 56´ 55,7´´ - Longitud: 66º 21´ 20,5´´ - Depto.: Gobernador Dupuy Bosque Nativo 25 % - Arb ustal/Mato rral 25 % - Pa s tizal 25 % - Vegetaci ón Otr 25 %"
1/11/2022,Complejo 7 Colores,San Luis,30/10/2022,Extinguido (31/10/2022),"33º 13´ 23,4´´ S","66º 13´ 55,8´´ O",Junín,"- Latitud : 33º 13´ 23,4´´ - Longitud: 66º 13´ 55,8´´ - Ptos. de Referencia: Costa Dique P otrero de Los Fun es - Depto .: J unin - Sup er ficie 1,0 ha - Vegeta ción Otros 10 0 %"
2/11/2022,"Ruta 2, entre Puente Latoma y Paso Grande",San Luis,1/11/2022,Extinguido (02/11/2022),"32º 57´ 35,42´´ S","65º 37´ 38,86´´ O",Coronel Pringles,"- Latitud: 32º 57´ 35,42´´ - Longitud: 65º 37´ 38, 86´´ - Dept o.: Prin gles - Superficie 40, 0 ha - Bosq ue Nativo 3 3 % - Arbus tal/Matorra l 33 % - Pastizal % - SNMF : 1 Heli copteros c/helibalde , y PROV: BB.VV. La Toma, Naschel, Renca, Br i Fo r Sa n Luís S olidario y B B. P L San Luís"
3/11/2022,Entrada del Talita en el Inserto,San Luis,1/11/2022,Controlado,32º 8´ 4´´ S,65º 24´ 53´´ O,Ayacucho,- Latitud: 32º 8´ 4´´ - Longitud: 65º 24´ 53´´ - Depto.: Ayacucho - Bosque Nativo 34 % - Arbustal/Matorral 33 % - Pastizal 33 % - BBVV Quines
4/11/2022,Entrada del Talita en el Inserto,San Luis,1/11/2022,Controlado,32º 13´ 40´´ S,"65º 41´ 4,67´´ O",Junín,"- Latitud : 32º 13´ 40´´ - Longit ud: 65º 41´ 4,67 ´´ - Dep 34 % - A rbustal/Mator ral 33 % - Pastiz al 33 % - BBVV"
7/11/2022,Entrada del Talita en el Inserto,San Luis,1/11/2022,Extinguido (06/11/2022),32º 13´ 40´´ S,"65º 41´ 4,67´´ O",Junín,"- Latitud: 32º 13´ 40 ´´ - Longitud : 65º 41´ 4,67´´ - Dep to.: Junin - Bosqu e Nat 34 % - Ar bustal/Mat orral 33 % - Pastizal 3 3 % - BBVV Quines"
8/11/2022,Mina Los Condores,San Luis,8/11/2022,Contenido,"32º 34´ 29,3´´ S","65º 19´ 4,5´´ O",Chacabuco,"- Latitud: 32º 34´ 29,3´´ - Lon gitud: 65 º 19´ 4,5 ´´ - Dep to.: Chacabu co - Arbustal/Matorral 50 % - Past izal 50 % - BB.V V. Conc arán"
9/11/2022,Mina Los Condores,San Luis,8/11/2022,Extinguido (8/11/2022),"32º 34´ 29,3´´ S","65º 19´ 4,5´´ O",Chacabuco,"- Latitud: 32º 34´ 29,3´´ - Lon gitud: 65 º 19´ 4,5 ´´ - Depto.: Chacabuco - S uperficie 1,0 ha - Arbus tal/M atorral 5 0 % - Pa stizal 50 % - BB.VV. Conc arán"
10/11/2022,Ruta 188 Km 650,San Luis,9/11/2022,Extinguido (10/11/2022),30º 8´ 55´´ S,"66º 26´ 26,8´´ O",Gobernador Dupuy,"- Latitud: 30º 8´ 5 5´´ - Lon gitud: 66º 26´ 26,8´´ - Depto .: Gobernado r Du puy - Arbustal/Matorral 50 % - P astizal 50 %"
10/11/2022,Cerro El Lince,San Luis,8/11/2022,Controlado,"33º 25´ 13,1´´ S","66º 17´ 45,2´´ O",Juan Martín de Pueyrredón,"- Latitud: 33º 25´ 13,1´´ - Longit ud: 6 6º 17´ 45, 2´´ - Pto s. de Refere ncia : Ruta 3 pasando AU Serr anías Pu ntanas - D epto.: Jua n Martin de Pueyrre don - Superficie 1,0 ha - Arbust al/Mato rral 50 % - Pa stizal 50 % - Bri For San Luis Solidario, BB.VV. Capital, DC Ca pita l, BB. PL San Luis (Cuarteles 4 y 5 )"
10/11/2022,El Debarrancado,San Luis,9/11/2022,Extinguido (10/11/2022),"34º 46´ 55,6´´ S","65º 40´ 59,2´´ O",Gobernador Dupuy,"- Latitud: 34º 46´ 55,6´´ - Longit ud: 6 5º 40´ 59, 2´´ - De pto.: Gobern ador Dupuy Arbustal/Matorral 50 % - P astizal 50 %"
10/11/2022,Barrio Union,San Luis,9/11/2022,Controlado,"33º 25´ 13,1´´ S","66º 17´ 45,2´´ O",Juan Martín de Pueyrredón,"- Latitud: 33º 25´ 13,1´´ - Longitu d: 6 6º 17´ 45, 2´´ - Pto s. de Refere ncia : Por Ru 146 Km 149 - De pto.: Jua n Marti n de Pueyrred on - BB .VV. Capital"
10/11/2022,Ruta 33 y Circunvalacion,San Luis,9/11/2022,Controlado,,,General Pedernera,- Depto.: Genera l Pedern era - A rbus tal/Matorr al 50 % - Pastizal 50 % - BB.VV. Villa Mercedes
11/11/2022,Valle Pancanta,San Luis,11/11/2022,Extinguido (11/11/2022),32º 54´ 28´´ S,66º 4´ 39´´ O,Coronel Pringles,- Latitud: 32º 54´ 28´´ - Longitud: 66 º 4´ 39´´ - D epto.: C oronel Prin gles - Arbustal/Matorral 50 % - Pastizal 50 %
11/11/2022,Estancia El Lucho,San Luis,10/11/2022,Controlado,"34º 46´ 3,8´´ S","65º 21´ 32,6´´ O",Gobernador Dupuy,"- Latitud: 34º 46´ 3,8´´ - Longitud : 65 º 2 1´ 32,6´ ´ - Dept o.: Goberna dor Dupuy Arbustal/Matorral 50 % - Pastizal 50 % - BB.VV. Buena Esperanza"
11/11/2022,Cerro El Lince,San Luis,8/11/2022,Controlado,"33º 25´ 13,1´´ S","66º 17´ 45,2´´ O",Juan Martín de Pueyrredón,"- Latitud: 33º 25´ 13,1´´ - Longitu d: 6 6º 17´ 45,2 ´´ - Pto s. de Refere ncia : Ruta pasando AU Serr anías Puntanas - D ept o.: Juan Martin de Pueyrred on - Superficie 1,0 ha - Arbustal/Mator ral 50 % - Pas tizal 50 % - Bri For San Luis Solidario, BB.VV. Capital, DC Ca pita l, B B. PL S an Luis (Cuarteles 4 y 5 )"
11/11/2022,Barrio Union,San Luis,9/11/2022,Extinguido (10/11/2022),"33º 25´ 13,1´´ S","66º 17´ 45,2´´ O",Juan Martín de Pueyrredón,- Ptos. de Refere ncia: Por Ruta 1 46 Km 149 - D epto.: Juan Martin de Pueyrredon - BB. VV. Capital
11/11/2022,Ruta 33 y Circunvalacion,San Luis,9/11/2022,Extinguido (10/11/2022),,,General Pedernera,- Depto.: General Pedernera - Ar bus tal /Matorra l 50 % - Pastizal 50 % - BB.V Villa Mercedes
17/11/2022,Chuqui Corral y AU Los Puquios,San Luis,16/11/2022,Activo,"33º 16´ 18,9´´ S","66º 12´ 38,9´´ O",Juan Martín de Pueyrredón,"- Latitud: 33º 16´ 18,9´´ - Long itud: 66 º 12´ 38 ,9´´ - De pto.: Juan Mar tin de Pueyrredon - Bos que Nativo 3 3 % - Ar bustal/M atorral 33 % - Pastizal 34 % - BB.VV. El Vo lcán , BB. PL Sa n Luis ( Cuartel 4 )"
18/11/2022,Chuqui Corral y AU Los Puquios,San Luis,16/11/2022,Activo,"33º 16´ 18,9´´ S","66º 12´ 38,9´´ O",Juan Martín de Pueyrredón,"- Latitud: 33º 16´ 18,9´´ - Lon gitud: 6 6º 12´ 38 ,9´´ - De pto.: Juan Ma rtin de Pueyrredon - Bos que Nativo 33 % - A rbustal/M atorral 33 % - Past iza l 34 % BB.VV. El Vo lcán , BB. PL Sa n Luis ( Cuartel 4 )"
22/11/2022,Entre Saladillo y Los Membrillos,San Luis,19/11/2022,Extinguido (19/11/2022),"33º 2´ 40,7´´ S","65º 39´ 15,3´´ O",Coronel Pringles,"- Latitud: 33º 2´ 40,7´´ - Longitud: 65º 39´ 15,3´´ - Depto.: Coronel Pringles - Superficie 10,0 ha - Bosque Nativo 33 % - Arbustal/Matorral 33 % - Pastizal 34 %"
22/11/2022,Cuchi Corral y AU Los Puquios,San Luis,16/11/2022,Extinguido (17/11/2022),"33º 16´ 18,9´´ S","66º 12´ 38,9´´ O",Juan Martín de Pueyrredón,"- Latitud: 33º 16´ 18,9´´ - Longitud: 6 6 º 12´ 38 ,9´´ - Depto.: Juan Pueyrredon - Bosque Na ti vo 33 % - A rbustal/M ato rr al 33 % - Pa BB.VV. El Vo lcán, BB. P  L San Luis ( Cuartel 4 )"
22/11/2022,Paraje Los Molles (Escuela La Totora),San Luis,16/11/2022,Extinguido (19/11/2022),"32º 39´ 19,7´´ S","65º 50´ 44,2´´ O",Libertador General San Martín,"- Latitud: 32º 39´ 19,7´´ - Longitud: 6 5 º 50´ 44 ,2´´ - Depto.: San Nativo 33 % - Bosque Im p lantado 33  % - Pasti zal 3 4 % - BB .VV. PL San Luis ( Cuartel 6) y Bri For Sa n Luis Soli dari o"
5/12/2022,Sierras de Lujan,San Luis,3/12/2022,Contenido,"32º 31´ 39,6´´ S","66º 9´ 11,9´´ O",Ayacucho,"- Latitud: 32º 31´ 39,6´´ - Longitud: 66º 9´ 11,9´´ - Ptos. de Referencia: Por Ruta 146, acceso a la altura de Km 276 - Depto.: Ayacucho - Bosque Nativo 33 % - Arbustal/Matorral 33 % - Pastizal 34 % - BB.VV. de Lujan"
5/12/2022,Campo La Dorotea,San Luis,4/12/2022,Controlado,"35º 36´ 5,1´´ S","65º 54´ 46,5´´ O",Gobernador Dupuy,"- Latitud: 35º 36´ 5,1´´ - Longitud: 65º 54 ´ 46,5´ ´ - Ptos. d e Referencia: 10 K oeste del incendio Est ancia La Estrella - Depto. : Gobern ador Dupuy - B osqu Nativo 33 % - Arb ustal /Matorral 33 % - P astizal 34 % - B B.VV. de Unió n"
5/12/2022,Estancia La Estrella,San Luis,4/12/2022,Controlado,35º 12´ 9´´ S,"65º 56´ 32,9´´ O",Gobernador Dupuy,"- Latitud: 35º 12´ 9´´ - Longitud: 65º 56´ 32,9´´ - Ptos. de Referencia: P or Ru al sur de Unión - Dept o.: Gobernador Du puy - B osque N ativo 33 % - Arbustal/Matorral 33 % - Pastizal 34 % - BBVV de Unión"
5/12/2022,Estancia Valle Hermoso,San Luis,4/12/2022,Controlado,"35º 9´ 28,9´´ S","65º 56´ 9,7´´ O",Gobernador Dupuy,"- Latitud: 35º 9´ 2 8,9´´ - Longitud: 65º 56 ´ 9,7´´ - Ptos. d e Referencia: A l fina la Ruta 3, 70 Km al su r de Unión - Depto .: Gobe rnador D upuy - Bosque Nati % - Arbustal/Mato rral 33 % - Pastizal 34 % - BB VV de U nión"
6/12/2022,Sierras de Lujan,San Luis,3/12/2022,Extinguido (5/12/2022),"32º 31´ 39,6´´ S","66º 9´ 11,9´´ O",Ayacucho,"- Latitud: 32º 31´ 39,6´´ - Longitud: 66º 9´ 11,9´´ - Ptos. de Ref erencia: Por Ruta 146, acceso a la a ltura d e Km 276 - Depto.: Aya cucho - Bosqu e Nativo 33 % - Arbustal/Matorral 33 % - Pastizal 34 % - BB.VV. de Lujan"
6/12/2022,Estancia Valle Hermoso,San Luis,4/12/2022,Controlado,"35º 9´ 28,9´´ S","65º 56´ 9,7´´ O",Gobernador Dupuy,"- Latitud: 35º 9´ 2 8,9´´ - Longitud: 6 5º 56´ 9,7´´ - Ptos. de Refe rencia: Al fin al de la Ruta 3, 70 Km al sur d e Unión - D epto.: Gobe rnador Dupuy - Bosque Nat ivo 33 % - Arbustal/M atorral 33 % - Past izal 34 % - BBVV de Unió n"
6/12/2022,Estancia La Estrella,San Luis,4/12/2022,Controlado,35º 12´ 9´´ S,"65º 56´ 32,9´´ O",Gobernador Dupuy,"- Latitud: 35º 12´ 9´´ - L ongitud: 65º 56´ 32,9´´ - Ptos. de Refe rencia: Por R uta 3 al sur de Unión - Depto.: Gobernado r Dupuy - B osque Nativo 3 3 % - Arbustal/Matorral 33 % - Pastizal 34 % - BBVV d e Unión"
6/12/2022,Campo La Dorotea,San Luis,4/12/2022,Extinguido (5/12/2022),"35º 36´ 5,1´´ S","65º 54´ 46,5´´ O",Gobernador Dupuy,"- Latitud: 35º 36´ 5,1´´ - Longitud: 6 5º 54´ 46,5´´ - Ptos. de Ref erencia: 10 K m al oeste del incendio Estan cia La Estre lla - Depto.: Gobernador D upuy - Bosq ue Nativo 33 % - Arb ustal/M atorral 33 % - Pastizal 3 4 % - BB.VV. de Unión"
6/12/2022,"Paraje Las Chilcas, Ruta 42",San Luis,5/12/2022,Activo,"32º 27´ 32,4´´ S","65º 22´ 29,3´´ O",Junín,"- Latitud: 32º 27´ 32,4´´ - Longitud: 65º 22´ 29,3´´ - Depto.: Junin - Bosque Nativo 33 % - Arbustal/Matorral 33 % - Pastizal 34 % - BB.VV de Santa Rosa de Conlara, Los Molles, Merlo, Tilisarao, Conacarán y BB. PL San Luis (Cuartel N°3)."
7/12/2022,Estancia La Estrella,San Luis,4/12/2022,Controlado,35º 12´ 9´´ S,"65º 56´ 32,9´´ O",Gobernador Dupuy,"- Latitud: 35º 12´ 9´´ - Longitud: 65º 56´ 32,9´´ - Ptos. de Referencia: Por Ruta 3, al sur de Unión - Depto.: Gobernador Dupuy - Bosque Nativo 33 % - Arbustal/Matorral 33 % - Pastizal 34 % - BBVV de Unión"
7/12/2022,Estancia Valle Hermoso,San Luis,4/12/2022,Controlado,"35º 9´ 28,9´´ S","65º 56´ 9,7´´ O",Gobernador Dupuy,"- Latitud: 35º 9´ 2 8,9´´ - Longitud: 65º 56´ 9,7´ ´ - Ptos. de Refe rencia: Al f inal d la Ruta 3, 70 Km al sur de Unión - De pto.: Gob ernador Dupuy - Bosque N ativo % - Arbustal/Mato rral 33 % - Pastizal 34 % - B BVV de U nión"
7/12/2022,"Paraje Las Chilcas, Ruta 42",San Luis,5/12/2022,Activo,"32º 27´ 32,4´´ S","65º 22´ 29,3´´ O",Junín,"- Latitud: 32º 27´ 32,4´´ - Longitud: 65º 22´ 29,3´´ - D epto.: Ju nin - B 33 % - Arbust al/Matorral 33 % - Pas tiza l 34 % - BB .V V de San ta Ros Conlara, Los Molles, Me rlo, Tilisara o, C ona carán y B B. PL Sa n Luis ("
12/12/2022,Estancia Valle Hermoso,San Luis,4/12/2022,Extinguido (10/12/2022),"35º 9´ 28,9´´ S","65º 56´ 9,7´´ O",Gobernador Dupuy,"- Latitud: 35º 9´ 28 ,9´´ - Longitud: 6 5º 5 6´ 9 ,7´´ - P t os. de Re ferencia: Al la Ruta 3, 70 Km a l sur de Unión - D ept o.: G obern a dor Dupu y - Bosque 33 % - Arbust al/Ma torral 33 % - Pas tiza l 34 % - BB  VV de Un ión"
12/12/2022,Sierras de Lujan,San Luis,6/12/2022,Extinguido (5/12/2022),"32º 31´ 41,7´´ S",66º 9´ 16´´ O,Ayacucho,"- Latitud: 32º 31´ 41,7´´ - Longitud: 66º 9´ 16´´ - Ptos. de Referencia: Por Ruta 146, Km 277 - Depto.: Ayacucho - Bosque Nativo 33 % - Arbustal/Matorral 33 % - Pastizal 34 % - BBVV de Luján"
12/12/2022,Estancia La Estrella,San Luis,4/12/2022,Extinguido (6/12/2022),35º 12´ 9´´ S,"65º 56´ 32,9´´ O",Gobernador Dupuy,"- Latitud: 35º 12´ 9´´ - Longitud: 65º 56´ 32,9´´ - Ptos. de Referencia: Por Ruta 3, al sur de Unión - Depto.: Gobernador Dupuy - Bosque Nativo 33 % - Arbustal/Matorral 33 % - Pastizal 34 % - BBVV de Unión"
12/12/2022,Estancia La Montañesa,San Luis,6/12/2022,Extinguido (11/12/2022),35º 12´ 9´´ S,"65º 53´ 2,9´´ O",Gobernador Dupuy,"- Latitud: 35º 12´ 9 ´´ - Longitud: 65º 53´ 2,9 ´´ - Pto s . de Refe rencia: Al F Ruta 3 - Dept o.: G obernador Dupuy - B osqu e Nati v o 33 % - Arbustal/Ma % - Pastizal 3 4 % - BB.VV. de Unió n"
12/12/2022,"Paraje Las Chilcas, Ruta 42",San Luis,5/12/2022,Extinguido (7/12/2022),"32º 27´ 32,4´´ S","65º 22´ 29,3´´ O",Junín,"- Latitud: 32º 27´ 3 2,4´´ - Longitud: 65º 22´ 29,3´´ - Depto.: J unin - Bosq Nativo 33 % - Arbu stal/Matorral 33 % - Past izal 34  % - BB.V V de Santa Conlara, Los Molle s, Merlo, Tilisara o, C ona carán y  BB. PL S an Luis (Cu N°3)."
15/12/2022,Pozo del Tala,San Luis,15/12/2022,Guardia de cenizas,"32º 36´ 1,6´´ S","66º 17´ 59,1´´ O",Belgrano,"Latitud: 32º 36´ 1,6´´ - Longitud: 66º 17´ 59,1´´ - Depto.: Doctor Manuel Belgrano - Bosque Nativo 33 % - Arbustal/Matorral 33 % - Pastizal 34 % - Bri For San Luis Solidario"
15/12/2022,Estancia Las Lomas,San Luis,15/12/2022,Activo,32º 34´ 38´´ S,"65º 46´ 46,4´´ O",Libertador General San Martín,"Latitud: 32º 34´ 38´´ - Longitud: 65º 46´ 46,4´´ - Depto.: San Martin - Bosque LOMAS Nativo 33 % - Arbustal/Matorral 33 % - Pastizal 34 % - BB.VV. La Toma"
16/12/2022,Pozo del Tala,San Luis,15/12/2022,Guardia de cenizas,"32º 36´ 1,6´´ S","66º 17´ 59,1´´ O",Belgrano,"Latitud: 32º 36´ 1,6´´ - Longitud: 66º 17´ 59,1´´ - Depto.: Belgrano - Bosque Nativo 33 % - Arbustal/Matorral 33 % - Pastizal 34 % - Bri For San Luis Solidario"
16/12/2022,Estancia Las Lomas,San Luis,15/12/2022,Activo,32º 34´ 38´´ S,"65º 46´ 46,4´´ O",Libertador General San Martín,"Latitud: 32º 34´ 38´´ - Longitud: 65º 46´ 46,4´´ - Depto.: Libertador General San LOMAS Martin - Bosque Nativo 33 % - Arbustal/Matorral 33 % - Pastizal 34 % - BB.VV. La Toma"
19/12/2022,Estancia Las Lomas,San Luis,15/12/2022,Extinguido (17/12/2022),32º 34´ 38´´ S,"65º 46´ 46,4´´ O",Libertador General San Martín,"- Latitud: 32º 34´ 38´´ - Long itud: 65º 46´ 46,4 ´´ - De pto.: Lib ertador Gen er Martin - Bosque Nativ o 33 % - Arb usta l/Matorr al 33 % - Pasti zal 34 % - B B. La Toma"
19/12/2022,Ingreso Dique Potrero de los Funes,San Luis,17/12/2022,Extinguido (18/12/2022),"34º 14´ 4,1´´ S",66º 13´ 54´´ O,Juan Martín de Pueyrredón,"- Latitud: 34º 14´ 4,1´ ´ - Lon gitud: 66º 13´ 54´´ - Dept o.: Jua n Martin de Pueyrredon - Bos que Nativo 33 % - A rbustal/M atorra l 33 % - Pastizal 34 %"
19/12/2022,Pozo del Tala,San Luis,15/12/2022,Extinguido (16/12/2022),"32º 36´ 1,6´´ S","66º 17´ 59,1´´ O",Belgrano,"- Latitud: 32º 36´ 1,6´´ - Longi tud: 66º 17´ 59, 1´´ - Depto. : Belgrano - Bosque Nativo 33 % - Arb ustal/Matorra l 33 % - Pastiza l 34 % - Br i For San Lu is Solidar"
22/12/2022,Estancia Compañía de Hacienda,San Luis,21/12/2022,Extinguido (22/12/2022),"34º 28´ 55,9´´ S","65º 38´ 8,4´´ O",Gobernador Dupuy,"- Latitud: 34º 28´ 55,9´´ - Longitud: 65º 38´ 8,4´´ - Ptos. de Referencia: Ruta 27, frente a a la Ea. Gloria de Dios, camino a la Difunta del Durazno. - Depto.: Gobernador Dupuy"
22/12/2022,Estancia La Luisa,San Luis,21/12/2022,Activo,34º 41´ 26´´ S,65º 34´ 19´´ O,Gobernador Dupuy,- Latitud: 34º 41´ 26´´ - Longit ud: 65º 34´ 19´´ - Depto.: Go bernador Bosque Nativo 33 % - Arbusta l/Matorr al 33 % - Pastizal 34 %
26/12/2022,"Los Pocitos, Ruta 47 y 3",San Luis,22/12/2022,Activo,35º 37´ 9´´ S,65º 25´ 22´´ O,Gobernador Dupuy,"- Latitud: 35º 37´ 9´´ - Longitu d: 65º 25´ 22´´ - Ptos. de Referencia: Po r Ruta 3 40 Km de Unión - Depto.: Go bernador Dupuy - Superfic ie 24.600,0 ha - Bosqu Nativo 33 % - Arb ustal/Matorr al 33 % - Pastiza l 34 % - BB.VV. Unión, Batavia, Buena Esperanza y Justo Da ract"
26/12/2022,Estancia La Luisa,San Luis,21/12/2022,Extinguido (22/12/2022),34º 41´ 26´´ S,65º 34´ 19´´ O,Gobernador Dupuy,- Latitud: 34º 41´ 26´´ - Longi tud: 65º 3 4´ 19´´ - Depto.: Gobernador D upuy - Bosque Nativo 33 % - Arbust al/Matorral 33 % - Pastizal 34 % - BB.VV . Batavia
26/12/2022,Estancia Compañía de Hacienda,San Luis,21/12/2022,Extinguido (22/12/2022),"34º 28´ 55,9´´ S","65º 38´ 8,4´´ O",Gobernador Dupuy,"- Latitud: 34º 28´ 55,9´´ - Lon gitud: 65º 38´ 8,4 ´´ - Ptos. de Referencia : Ruta 2 frente a a la Ea. G loria de Dio s, camino a la Di funta del Durazno. - De pto.: Gobernador Dupu y - Bosque Nativo 33 % - Ar bustal/Ma torral 33 % - P astizal 3 % - BB.VV. Batav ia"
27/12/2022,"Los Pocitos, Ruta 47 y 3",San Luis,22/12/2022,Activo,35º 37´ 9´´ S,65º 25´ 22´´ O,Gobernador Dupuy,"Latitud: 35º 37´ 9´´ - Longitud: 65º 25´ 22´´ - Ptos. de Referencia: Por Ruta 3, a RUTA 47 Y 3 40 Km de Unión - Depto.: Gobernador Dupuy - Superficie 24.600,0 ha - Bosque Nativo 33 % - Arbustal/Matorral 33 % - Pastizal 34 % - BB.VV. Unión, Batavia, Buena Esperanza y Justo Daract CARMEN VIEJA TIERRA DEL 30/11/2022 Contenido - Latitud: 54º 26´ 51´´ - Longitud: 67º 50´ 28´´ - Ptos. de Referencia: Reserva FUEGO Corazón de la Isla - Depto.: Tolhuin - Superficie 9.060,0 ha - Bosque Nativo 90 % - Arbustal/Matorral 5 % - Pastizal 3 % - Vegetación Otros 2 % - Pers. desplegado en terreno: 86 combatientes, pers. operativo, logístico y técnico en COE: 26, pers. en Aeródromo: 11. Total: 123 personas. Medios aéreos: 1 Bell 412 y 1 Bell 407 (SNMF), 2 AT 802 (Provincia), móviles, maq pesada."
28/12/2022,"Los Pocitos, Ruta 47 y 3",San Luis,22/12/2022,Activo,35º 37´ 9´´ S,65º 25´ 22´´ O,Gobernador Dupuy,"Latitud: 35º 37´ 9´´ - Longitud: 65º 25´ 22´´ - Ptos. de Referencia: Por Ruta 3, a RUTA 47 Y 3 40 Km de Unión - Depto.: Gobernador Dupuy - Superficie 24.600,0 ha - Bosque Nativo 33 % - Arbustal/Matorral 33 % - Pastizal 34 % - BB.VV. Unión, Batavia, Buena Esperanza y Justo Daract CARMEN VIEJA TIERRA DEL 30/11/2022 Contenido - Latitud: 54º 26´ 51´´ - Longitud: 67º 50´ 28´´ - Ptos. de Referencia: Reserva FUEGO Corazón de la Isla - Depto.: Tolhuin - Superficie 9.060,0 ha - Bosque Nativo 90 % - Arbustal/Matorral 5 % - Pastizal 3 % - Vegetación Otros 2 % - Pers. desplegado en terreno: 89 combatientes, pers. operativo, logístico y técnico en COE: 26, pers. en Aeródromo: 12. Total: 127 personas. Medios aéreos: 1 Bell 412 y 1 Bell 407 (SNMF), 2 AT 802 (Provincia), móviles, maq pesada. "
29/12/2022,"Los Pocitos, Ruta 47 y 3",San Luis,22/12/2022,Contenido,35º 37´ 9´´ S,65º 25´ 22´´ O,Gobernador Dupuy,"- Latitud: 35 º 37´ 9´´ - Lon gitud: 65º 25 ´ 22´´ - P tos. de Re ferencia: Por R uta 3, a 40 Km de U nión - Depto.: Gobernador Dupuy - Superficie 38.588,0 ha - B osque Nativo 33 % - Arb ustal/Ma torral 33 % - Pastizal 34 % - BB .VV. Unión, Bu ena Esperanza, Justo Daract, La Toma, El Fortín y Bri For San Luis Solidario"
